,action,dataset,accuracy,reward,total_reward,loss,iteration,mu,sigma,ucb_reward,controller,random
0,1-8-9-2-3-16-3-4,cifar10,0.314,0.1,0.1,,0.0,,,0.0,gaussian,1.0
1,1-2-3-16-6-4-9-16,cifar10,0.4098,0.0958,0.1958,,1.0,,,0.0,gaussian,1.0
2,6-4-9-32-12-64-9-8,cifar10,0.589,0.1,0.2958,,2.0,,,1.1774100225154747,gaussian,1.0
3,9-8-24-4-1-16-1-2,cifar10,0.1,-0.1,0.1958,,3.0,,,1.4823038073675112,gaussian,0.0
4,12-8-6-32-3-32-1-4,cifar10,0.3953,0.06783759999999994,0.2636375999999999,,4.0,,,1.6651092223153954,gaussian,1.0
5,12-8-1-32-3-64-6-4,cifar10,0.3741,0.03307008,0.2967076799999999,,5.0,,,1.7941225779941015,gaussian,0.0
6,12-32-6-64-6-32-24-16,cifar10,0.5858,0.1,0.3967076799999999,,6.0,,,1.8930184728248454,gaussian,1.0
7,12-4-1-2-9-32-24-32,cifar10,0.5278,0.1,0.4967076799999999,,7.0,,,1.9727697022487511,gaussian,1.0
8,6-64-1-8-12-32-24-8,cifar10,0.5464,0.1,0.5967076799999999,,8.0,,,2.039333980337618,gaussian,1.0
9,1-32-12-16-6-32-24-32,cifar10,0.5499,0.1,0.6967076799999998,,9.0,,,2.09629414793641,gaussian,1.0
10,3-16-3-16-3-2-12-2,cifar10,0.3115,-0.1,0.5967076799999999,,10.0,,,2.145966026289347,gaussian,1.0
11,6-16-3-16-6-8-1-8,cifar10,0.4469,0.010725379051520045,0.6074330590515199,,11.0,,,2.189929347170073,gaussian,0.0
12,9-16-3-16-9-8-1-32,cifar10,0.4572,0.01888030324121598,0.6263133622927359,,12.0,,,2.2293078072747154,gaussian,1.0
13,9-8-1-32-3-8-3-32,cifar10,0.4324,-0.009695757407027217,0.6166176048857087,,13.0,,,2.2649279712439143,gaussian,0.0
14,1-8-24-8-24-64-3-2,cifar10,0.1,-0.1,0.5166176048857087,,14.0,,,2.2974147773596556,gaussian,1.0
15,12-64-9-16-24-4-1-8,cifar10,0.1,-0.1,0.41661760488570876,,15.0,,,2.3272516843273356,gaussian,1.0
16,6-16-9-32-12-16-9-4,cifar10,0.5436,0.1,0.5166176048857087,,16.0,,,2.3548200450309493,gaussian,1.0
17,1-64-1-16-6-32-6-4,cifar10,0.3975,0.03461981776608164,0.5512374226517904,,17.0,,,2.380425736735434,gaussian,1.0
18,3-8-24-64-24-32-24-8,cifar10,0.5936,0.1,0.6512374226517904,,18.0,,,2.4043176819614187,gaussian,0.0
19,6-4-3-4-12-64-12-2,cifar10,0.3721,-0.042463316629707815,0.6087741060220826,,19.0,,,2.426701044284788,gaussian,1.0
20,12-32-1-4-1-4-12-4,cifar10,0.3732,-0.03287065330376626,0.5759034527183163,,20.0,,,2.4477468306808166,gaussian,1.0
21,6-8-3-2-24-2-12-64,cifar10,0.4323,0.03280347735698702,0.6087069300753034,,21.0,,,2.467599010262171,gaussian,1.0
22,12-4-3-4-6-8-3-2,cifar10,0.2439,-0.1,0.5087069300753034,,22.0,,,2.48637987980852,gaussian,1.0
23,3-4-1-16-24-4-6-32,cifar10,0.4925,0.1,0.6087069300753034,,23.0,,,2.504194168162345,gaussian,0.0
24,9-4-1-8-6-8-24-64,cifar10,0.5252,0.1,0.7087069300753034,,24.0,,,2.5211322180115605,gaussian,1.0
25,1-64-6-32-6-32-3-32,cifar10,0.53,0.1,0.8087069300753034,,25.0,,,2.537272482359039,gaussian,0.0
26,12-16-24-32-3-4-6-16,cifar10,0.5424,0.09803160346033751,0.9067385335356408,,26.0,,,2.552683504871484,gaussian,0.0
27,9-64-3-16-6-2-3-2,cifar10,0.3103,-0.1,0.8067385335356408,,27.0,,,2.567425506613319,gaussian,0.0
28,6-8-9-32-1-64-1-32,cifar10,0.49,0.056760226214616016,0.8634987597502568,,28.0,,,2.5815516691227405,gaussian,1.0
29,1-64-1-16-12-32-6-8,cifar10,0.4927,0.04810818097169284,0.9116069407219496,,29.0,,,2.5951091807422957,gaussian,1.0
30,24-64-24-4-12-2-12-64,cifar10,0.4779,0.023686544777354213,0.9352934854993038,,30.0,,,2.608140096567727,gaussian,1.0
31,6-8-1-2-24-8-1-32,cifar10,0.3937,-0.06525076417811665,0.8700427213211872,,31.0,,,2.620682050339242,gaussian,1.0
32,9-32-12-4-1-32-9-4,cifar10,0.3442,-0.1,0.7700427213211872,,32.0,,,2.6327688477341593,gaussian,1.0
33,24-2-3-8-12-2-12-2,cifar10,0.2361,-0.1,0.6700427213211873,,33.0,,,2.6444309639188845,gaussian,1.0
34,24-32-6-4-3-32-3-32,cifar10,0.4603,0.07263160874080421,0.7426743300619915,,34.0,,,2.6556959632518784,gaussian,0.0
35,3-64-9-2-6-64-6-4,cifar10,0.445,0.04280528699264341,0.7854796170546349,,35.0,,,2.666588855256623,gaussian,0.0
36,9-32-9-16-24-64-12-16,cifar10,0.5996,0.1,0.8854796170546348,,36.0,,,2.677132398091701,gaussian,0.0
37,12-16-6-2-3-64-6-32,cifar10,0.4723,0.02377538367529175,0.9092550007299266,,37.0,,,2.687347358509586,gaussian,1.0
38,24-64-24-32-6-4-9-64,cifar10,0.5217,0.06842030694023343,0.9776753076701601,,38.0,,,2.697252735553858,gaussian,0.0
39,6-32-12-16-12-16-1-4,cifar10,0.4958,0.028836245552186723,1.0065115532223468,,39.0,,,2.7068659538771573,gaussian,1.0
40,24-2-3-4-24-4-1-2,cifar10,0.307,-0.1,0.9065115532223468,,40.0,,,2.716203031481239,gaussian,1.0
41,12-32-1-8-6-4-6-64,cifar10,0.4482,0.008615197153399479,0.9151267503757463,,41.0,,,2.725278725820281,gaussian,1.0
42,3-32-24-8-3-32-24-32,cifar10,0.5206,0.07929215772271953,0.9944189080984658,,42.0,,,2.734106661519762,gaussian,1.0
43,12-8-12-32-24-8-6-8,cifar10,0.1001,-0.1,0.8944189080984658,,43.0,,,2.7426994424083593,gaussian,1.0
44,3-4-24-32-9-4-9-32,cifar10,0.551,0.1,0.9944189080984658,,44.0,,,2.751068750110859,gaussian,0.0
45,3-32-12-8-24-32-12-2,cifar10,0.3813,-0.03750241524596759,0.9569164928524982,,45.0,,,2.7592254310839914,gaussian,1.0
46,9-32-24-4-6-8-9-2,cifar10,0.3415,-0.06980193219677405,0.8871145606557242,,46.0,,,2.767179573677536,gaussian,1.0
47,9-8-6-8-12-2-6-32,cifar10,0.4395,0.042158454242580745,0.929273014898305,,47.0,,,2.7749405765565713,gaussian,1.0
48,9-8-1-2-3-64-6-64,cifar10,0.4863,0.08052676339406462,1.0097997782923698,,48.0,,,2.782517209617181,gaussian,0.0
49,1-8-12-32-6-2-24-64,cifar10,0.4925,0.07062141071525169,1.0804211890076214,,49.0,,,2.7899176683589166,gaussian,0.0
50,1-8-12-32-12-8-6-64,cifar10,0.5149,0.07889712857220138,1.1593183175798227,,50.0,,,2.797149622536537,gaussian,0.0
51,6-2-1-4-3-4-9-4,cifar10,0.2979,-0.1,1.0593183175798226,,51.0,,,2.804220259795698,gaussian,1.0
52,1-2-12-16-24-64-6-4,cifar10,0.5021,0.08109416228620886,1.1404124798660316,,52.0,,,2.811136324898324,gaussian,0.0
53,3-4-24-64-9-2-24-64,cifar10,0.1,-0.1,1.0404124798660315,,53.0,,,2.81790415505997,gaussian,0.0
54,9-8-6-8-12-16-1-2,cifar10,0.1,-0.1,0.9404124798660315,,54.0,,,2.8245297118509036,gaussian,1.0
55,12-4-9-16-1-64-12-2,cifar10,0.1,-0.1,0.8404124798660315,,55.0,,,2.831018610052739,gaussian,1.0
56,3-16-9-8-9-32-9-2,cifar10,0.1,-0.1,0.7404124798660315,,56.0,,,2.837376143811444,gaussian,1.0
57,9-2-6-2-24-16-6-8,cifar10,0.4193,0.1,0.8404124798660315,,57.0,,,2.8436073103839603,gaussian,0.0
58,9-32-1-64-3-64-6-2,cifar10,0.3569,0.08253822007835587,0.9229506999443874,,58.0,,,2.849716831738346,gaussian,0.0
59,3-4-3-4-12-2-24-32,cifar10,0.4303,0.1,1.0229506999443874,,59.0,,,2.8557091742352614,gaussian,0.0
60,9-16-12-2-12-32-3-2,cifar10,0.3509,0.03214446085014777,1.0550951607945351,,60.0,,,2.8615885665909766,gaussian,1.0
61,6-8-24-4-24-4-6-2,cifar10,0.3473,0.02211556868011827,1.0772107294746534,,61.0,,,2.867359016298207,gaussian,0.0
62,9-8-1-32-1-2-24-64,cifar10,0.4086,0.07899245494409468,1.156203184418748,,62.0,,,2.8730243246603715,gaussian,0.0
63,1-2-12-32-6-16-6-2,cifar10,0.3054,-0.0400060360447243,1.1161971483740236,,63.0,,,2.8785881005769243,gaussian,0.0
64,24-4-1-2-3-8-9-2,cifar10,0.1,-0.1,1.0161971483740235,,64.0,,,2.884053773201766,gaussian,0.0
65,1-2-9-64-6-32-1-32,cifar10,0.3955,0.1,1.1161971483740236,,65.0,,,2.889424603583086,gaussian,0.0
66,24-64-24-2-6-32-3-8,cifar10,0.1,-0.1,1.0161971483740235,,66.0,,,2.8947036953810747,gaussian,0.0
67,24-8-3-8-6-4-12-8,cifar10,0.4155,0.1,1.1161971483740236,,67.0,,,2.899894004749472,gaussian,0.0
68,24-64-9-4-3-32-3-4,cifar10,0.4132,0.1,1.2161971483740237,,68.0,,,2.9049983494577436,gaussian,0.0
69,12-16-12-8-24-32-6-8,cifar10,0.5254,0.1,1.3161971483740238,,69.0,,,2.910019417322592,gaussian,0.0
70,6-32-1-32-6-8-3-64,cifar10,0.4892,0.1,1.4161971483740239,,70.0,,,2.9149597740103927,gaussian,0.0
71,3-16-3-4-9-8-3-8,cifar10,0.4228,0.035345910839738814,1.4515430592137628,,71.0,,,2.9198218702658267,gaussian,1.0
72,12-16-12-4-9-16-6-32,cifar10,0.5005,0.1,1.551543059213763,,72.0,,,2.9246080486164483,gaussian,0.0
73,24-32-24-4-6-16-1-32,cifar10,0.4295,0.013781382937432807,1.5653244421511956,,73.0,,,2.9293205495979406,gaussian,0.0
74,9-64-1-32-9-2-9-64,cifar10,0.4368,0.018325106349946274,1.583649548501142,,74.0,,,2.933961517540464,gaussian,0.0
75,3-2-24-2-6-16-1-32,cifar10,0.3544,-0.067739914920043,1.5159096335810989,,75.0,,,2.9385330059525656,gaussian,0.0
76,9-32-1-64-12-2-9-8,cifar10,0.1,-0.1,1.4159096335810988,,76.0,,,2.94303698253567,gaussian,0.0
77,9-32-1-64-6-32-3-2,cifar10,0.3392,-0.007673545548827598,1.4082360880322713,,77.0,,,2.9474753338590247,gaussian,0.0
78,9-8-6-4-6-4-6-8,cifar10,0.4259,0.08056116356093795,1.4887972515932093,,78.0,,,2.951849869722236,gaussian,0.0
79,24-32-3-4-6-64-9-16,cifar10,0.4939,0.1,1.5887972515932094,,79.0,,,2.956162327230026,gaussian,1.0
80,12-64-12-64-6-2-6-64,cifar100,0.1624,0.1,1.6887972515932095,,0.0,,,0.0,gaussian,0.0
81,1-64-12-32-24-64-1-64,cifar100,0.2041,0.041700000000000015,1.7304972515932096,,1.0,,,0.0,gaussian,0.0
82,24-8-1-16-12-2-6-64,cifar100,0.1385,-0.03223999999999999,1.6982572515932095,,2.0,,,1.1774100225154747,gaussian,0.0
83,24-8-24-4-24-64-3-64,cifar100,0.01,-0.1,1.5982572515932094,,3.0,,,1.4823038073675112,gaussian,0.0
84,1-64-9-32-1-8-6-2,cifar100,0.0512,-0.08223360000000002,1.5160236515932093,,4.0,,,1.6651092223153954,gaussian,0.0
85,9-8-1-16-12-16-12-8,cifar100,0.127,0.010013119999999986,1.5260367715932093,,5.0,,,1.7941225779941015,gaussian,0.0
86,3-32-12-64-24-32-1-4,cifar100,0.01,-0.1,1.4260367715932092,,6.0,,,1.8930184728248454,gaussian,0.0
87,9-2-3-4-3-8-3-4,cifar100,0.0499,-0.04729160320000002,1.3787451683932093,,7.0,,,1.9727697022487511,gaussian,0.0
88,12-32-9-4-6-4-3-8,cifar100,0.0986,0.010866717439999965,1.3896118858332092,,8.0,,,2.039333980337618,gaussian,0.0
89,1-64-24-64-24-2-6-64,cifar100,0.01,-0.07990662604800002,1.3097052597852092,,9.0,,,2.09629414793641,gaussian,0.0
90,3-64-24-8-24-64-1-4,cifar100,0.01,-0.06392530083840002,1.2457799589468093,,10.0,,,2.145966026289347,gaussian,0.0
91,3-2-3-4-9-4-1-2,cifar100,0.0312,-0.02994024067072002,1.2158397182760892,,11.0,,,2.189929347170073,gaussian,0.0
92,12-64-24-2-24-32-12-32,cifar100,0.01,-0.045152192536576014,1.170687525739513,,12.0,,,2.2293078072747154,gaussian,0.0
93,12-64-9-4-24-8-9-32,cifar100,0.01,-0.036121754029260815,1.1345657717102522,,13.0,,,2.2649279712439143,gaussian,0.0
94,3-2-9-8-24-32-9-32,cifar100,0.1626,0.1,1.2345657717102523,,14.0,,,2.2974147773596556,gaussian,0.0
95,12-2-1-2-24-32-6-8,cifar100,0.1232,0.05956207742127309,1.2941278491315253,,15.0,,,2.3272516843273356,gaussian,0.0
96,24-64-24-2-6-64-3-4,cifar100,0.01,-0.06555033806298154,1.2285775110685437,,16.0,,,2.3548200450309493,gaussian,0.0
97,24-32-12-64-9-64-12-8,cifar100,0.01,-0.052440270450385226,1.1761372406181585,,17.0,,,2.380425736735434,gaussian,0.0
98,12-8-24-4-12-32-6-32,cifar100,0.01,-0.04195221636030819,1.1341850242578504,,18.0,,,2.4043176819614187,gaussian,0.0
99,3-8-24-8-6-4-3-32,cifar100,0.1263,0.08273822691175345,1.2169232511696038,,19.0,,,2.426701044284788,gaussian,0.0
100,1-8-9-8-1-4-3-4,cifar100,0.057,-0.0031094184705972375,1.2138138326990064,,20.0,,,2.4477468306808166,gaussian,0.0
101,9-64-1-32-12-64-9-16,cifar100,0.2157,0.1,1.3138138326990065,,21.0,,,2.467599010262171,gaussian,0.0
102,1-8-24-4-12-16-6-32,cifar100,0.1688,0.07806997217881778,1.3918838048778244,,22.0,,,2.48637987980852,gaussian,0.0
103,3-64-3-64-6-2-6-64,cifar100,0.1524,0.04605597774305423,1.4379397826208786,,23.0,,,2.504194168162345,gaussian,0.0
104,24-64-12-32-12-32-12-2,cifar100,0.01,-0.1,1.3379397826208785,,24.0,,,2.5211322180115605,gaussian,0.0
105,24-64-6-64-12-8-1-2,cifar100,0.01,-0.08444417424444531,1.2534956083764333,,25.0,,,2.537272482359039,gaussian,0.0
106,6-16-24-16-6-32-6-2,cifar100,0.0474,-0.030155339395556258,1.223340268980877,,26.0,,,2.552683504871484,gaussian,0.0
107,6-8-9-64-6-32-3-16,cifar100,0.2256,0.1,1.323340268980877,,27.0,,,2.567425506613319,gaussian,0.0
108,1-32-24-32-6-4-6-32,cifar100,0.1696,0.06726058278684399,1.390600851767721,,28.0,,,2.5815516691227405,gaussian,0.0
109,24-16-24-32-12-4-1-64,cifar100,0.01,-0.1,1.290600851767721,,29.0,,,2.5951091807422957,gaussian,0.0
110,9-64-1-16-24-32-12-2,cifar100,0.01,-0.08463322701641986,1.2059676247513011,,30.0,,,2.608140096567727,gaussian,0.0
111,12-8-24-16-3-8-6-64,cifar100,0.2011,0.1,1.3059676247513012,,31.0,,,2.620682050339242,gaussian,0.0
112,3-8-6-64-9-4-24-8,cifar100,0.1629,0.060514734709491286,1.3664823594607924,,32.0,,,2.6327688477341593,gaussian,0.0
113,9-64-24-2-12-32-3-64,cifar100,0.01,-0.1,1.2664823594607924,,33.0,,,2.6444309639188845,gaussian,0.0
114,9-8-24-2-6-4-12-2,cifar100,0.0579,-0.03569056978592557,1.2307917896748668,,34.0,,,2.6556959632518784,gaussian,0.0
115,24-4-6-32-6-4-24-64,cifar100,0.01,-0.07645245582874045,1.1543393338461263,,35.0,,,2.666588855256623,gaussian,0.0
116,9-16-24-64-12-2-6-2,cifar100,0.01,-0.06116196466299236,1.093177369183134,,36.0,,,2.677132398091701,gaussian,0.0
117,9-8-24-16-6-64-12-2,cifar100,0.01,-0.048929571730393896,1.04424779745274,,37.0,,,2.687347358509586,gaussian,0.0
118,1-32-12-16-3-64-24-8,cifar100,0.117,0.06785634261568488,1.1121041400684248,,38.0,,,2.697252735553858,gaussian,0.0
119,3-4-12-32-1-4-24-4,cifar100,0.0819,0.01918507409254791,1.1312892141609727,,39.0,,,2.7068659538771573,gaussian,0.0
120,9-2-12-64-3-2-6-4,cifar100,0.0441,-0.02245194072596167,1.1088372734350112,,40.0,,,2.716203031481239,gaussian,0.0
121,3-64-12-4-12-64-3-4,cifar100,0.01,-0.05206155258076934,1.0567757208542419,,41.0,,,2.725278725820281,gaussian,0.0
122,9-2-1-4-12-8-6-2,cifar100,0.0436,-0.008049242064615478,1.0487264787896264,,42.0,,,2.734106661519762,gaussian,0.0
123,3-64-24-2-6-32-12-32,cifar100,0.1856,0.1,1.1487264787896265,,43.0,,,2.7426994424083593,gaussian,0.0
124,24-2-3-32-12-4-12-8,cifar100,0.01,-0.06715151492135389,1.0815749638682726,,44.0,,,2.751068750110859,gaussian,0.0
125,24-2-6-16-3-64-12-2,cifar100,0.01,-0.0537212119370831,1.0278537519311894,,45.0,,,2.7592254310839914,gaussian,0.0
126,6-16-12-32-3-2-3-8,cifar100,0.01,-0.04297696954966649,0.984876782381523,,46.0,,,2.767179573677536,gaussian,0.0
127,9-32-12-32-12-4-6-2,cifar100,0.01,-0.034381575639733195,0.9504952067417898,,47.0,,,2.7749405765565713,gaussian,0.0
128,9-64-24-16-6-2-6-2,cifar100,0.01,-0.02750526051178656,0.9229899462300032,,48.0,,,2.782517209617181,gaussian,0.0
129,3-8-24-4-3-16-12-8,cifar100,0.1161,0.08409579159057073,1.007085737820574,,49.0,,,2.7899176683589166,gaussian,0.0
130,1-32-1-4-12-2-9-2,cifar100,0.0548,0.005976633272456608,1.0130623710930307,,50.0,,,2.797149622536537,gaussian,0.0
131,9-64-12-64-24-64-1-64,cifar100,0.2678,0.1,1.1130623710930307,,51.0,,,2.804220259795698,gaussian,0.0
132,9-2-12-64-12-32-3-2,cifar100,0.01,-0.08357495470562776,1.029487416387403,,52.0,,,2.811136324898324,gaussian,0.0
133,9-8-24-4-6-64-1-2,cifar100,0.0545,-0.0223599637645022,1.0071274526229008,,53.0,,,2.81790415505997,gaussian,0.0
134,1-8-9-64-9-16-24-64,cifar100,0.2236,0.1,1.107127452622901,,54.0,,,2.8245297118509036,gaussian,0.0
135,12-8-1-8-24-32-6-32,cifar100,0.2295,0.1,1.207127452622901,,55.0,,,2.831018610052739,gaussian,0.0
136,1-64-24-8-6-2-1-32,cifar100,0.076,-0.052004301447425114,1.1551231511754758,,56.0,,,2.837376143811444,gaussian,0.0
137,24-64-3-2-3-4-12-4,cifar100,0.085,-0.032603441157940075,1.1225197100175357,,57.0,,,2.8436073103839603,gaussian,0.0
138,9-32-12-4-24-2-12-4,cifar100,0.01,-0.1,1.0225197100175356,,58.0,,,2.849716831738346,gaussian,0.0
139,9-8-3-4-3-2-1-2,cifar100,0.01,-0.08086620234108167,0.941653507676454,,59.0,,,2.8557091742352614,gaussian,0.0
140,9-32-9-4-9-4-3-32,cifar100,0.125,0.05030703812713466,0.9919605458035886,,60.0,,,2.8615885665909766,gaussian,0.0
141,3-64-12-2-24-64-6-64,cifar100,0.01,-0.07475436949829227,0.9172061763052963,,61.0,,,2.867359016298207,gaussian,0.0
142,1-64-24-4-6-64-12-32,cifar100,0.1757,0.1,1.0172061763052964,,62.0,,,2.8730243246603715,gaussian,0.0
143,9-2-1-64-6-2-1-2,cifar100,0.0364,-0.05458279647890704,0.9626233798263893,,63.0,,,2.8785881005769243,gaussian,0.0
144,1-16-9-32-12-2-3-8,cifar100,0.01,-0.07006623718312564,0.8925571426432637,,64.0,,,2.884053773201766,gaussian,0.0
145,24-64-12-4-12-16-12-2,cifar100,0.0288,-0.03725298974650052,0.8553041528967632,,65.0,,,2.889424603583086,gaussian,0.0
146,3-32-24-64-12-64-1-4,cifar100,0.01,-0.04860239179720042,0.8067017610995628,,66.0,,,2.8947036953810747,gaussian,0.0
147,9-8-12-64-1-4-1-2,cifar100,0.01,-0.03888191343776034,0.7678198476618024,,67.0,,,2.899894004749472,gaussian,0.0
148,9-64-12-32-6-64-6-64,cifar100,0.2542,0.1,0.8678198476618024,,68.0,,,2.9049983494577436,gaussian,0.0
149,1-32-12-2-12-64-1-2,cifar100,0.051,-0.032724424600166606,0.8350954230616359,,69.0,,,2.910019417322592,gaussian,0.0
150,9-2-3-4-3-8-6-16,cifar100,0.1303,0.05312046031986671,0.8882158833815026,,70.0,,,2.9149597740103927,gaussian,0.0
151,1-2-9-64-6-4-3-2,cifar100,0.0412,-0.04660363174410663,0.841612251637396,,71.0,,,2.9198218702658267,gaussian,0.0
152,24-32-24-4-24-32-6-8,cifar100,0.01,-0.06848290539528532,0.7731293462421106,,72.0,,,2.9246080486164483,gaussian,0.0
153,9-8-6-32-6-4-24-4,cifar100,0.0821,0.017313675683771748,0.7904430219258823,,73.0,,,2.9293205495979406,gaussian,0.0
154,9-16-24-32-12-4-6-2,cifar100,0.0479,-0.0203490594529826,0.7700939624728997,,74.0,,,2.933961517540464,gaussian,0.0
155,9-64-9-16-6-2-12-2,cifar100,0.0621,-0.0020792475623860746,0.7680147149105137,,75.0,,,2.9385330059525656,gaussian,0.0
156,1-4-24-16-24-64-12-2,cifar100,0.01,-0.053763398049908866,0.7142513168606048,,76.0,,,2.94303698253567,gaussian,0.0
157,3-16-1-64-24-8-6-64,cifar100,0.2418,0.1,0.8142513168606048,,77.0,,,2.9474753338590247,gaussian,0.0
158,12-64-9-8-6-32-6-2,cifar100,0.01,-0.08076857475194167,0.7334827421086632,,78.0,,,2.951849869722236,gaussian,0.0
159,1-64-1-2-24-2-1-8,cifar100,0.0462,-0.028414859801553345,0.7050678823071098,,79.0,,,2.956162327230026,gaussian,0.0
160,3-64-24-4-9-8-6-4,cifar10,0.4489,0.1,0.1,0.08569205552339554,0.0,,,0.0,classic,1.0
161,9-16-24-16-24-64-9-16,cifar10,0.5721,0.1,0.2,4.365332126617432,1.0,,,0.0,classic,1.0
162,1-32-24-8-24-16-24-2,cifar10,0.1,-0.1,0.1,8.638712882995605,2.0,,,1.1774100225154747,classic,0.0
163,3-4-12-16-3-32-1-32,cifar10,0.4705,0.0716679999999999,0.1716679999999999,0.9255344867706299,3.0,,,1.4823038073675112,classic,0.0
164,9-8-6-32-12-2-1-16,cifar10,0.2716,-0.1,0.0716679999999999,2.2023048400878906,4.0,,,1.6651092223153954,classic,1.0
165,9-64-3-8-6-16-3-8,cifar10,0.4601,0.07524752000000001,0.1469155199999999,9.593937873840332,5.0,,,1.7941225779941015,classic,1.0
166,1-32-24-4-3-64-12-4,cifar10,0.3232,-0.076701984,0.07021353599999991,4.959300518035889,6.0,,,1.8930184728248454,classic,1.0
167,1-64-6-2-24-2-6-64,cifar10,0.3899,0.005338412800000025,0.07555194879999994,9.760784149169922,7.0,,,1.9727697022487511,classic,1.0
168,6-4-24-2-9-4-3-16,cifar10,0.3921,0.00647073024,0.08202267903999994,0.20489270985126495,8.0,,,2.039333980337618,classic,1.0
169,1-8-1-8-24-8-12-8,cifar10,0.4368,0.04987658419200003,0.13189926323199996,5.4333109855651855,9.0,,,2.09629414793641,classic,1.0
170,1-16-3-8-3-8-3-32,cifar10,0.4359,0.03900126735359999,0.17090053058559995,2.7895755767822266,10.0,,,2.145966026289347,classic,1.0
171,9-4-24-16-24-2-1-16,cifar10,0.3361,-0.06859898611712001,0.10230154446847994,17.22701644897461,11.0,,,2.189929347170073,classic,1.0
172,3-4-1-8-24-32-1-4,cifar10,0.4324,0.04142081110630397,0.1437223555747839,13.860636711120605,12.0,,,2.2293078072747154,classic,1.0
173,6-2-1-8-6-4-12-16,cifar10,0.4442,0.04493664888504312,0.18865900445982703,9.950382232666016,13.0,,,2.2649279712439143,classic,1.0
174,3-32-1-32-3-8-6-2,cifar10,0.3139,-0.09435068089196547,0.09430832356786156,28.73015785217285,14.0,,,2.2974147773596556,classic,1.0
175,6-32-6-32-12-32-6-16,cifar10,0.6437,0.1,0.19430832356786157,19.639402389526367,15.0,,,2.3272516843273356,classic,0.0
176,6-64-24-8-24-4-6-32,cifar10,0.5667,0.1,0.2943083235678616,0.5091755986213684,16.0,,,2.3548200450309493,classic,1.0
177,3-2-6-8-9-32-24-32,cifar10,0.5503,0.08476445138331368,0.37907277495117525,7.233837127685547,17.0,,,2.380425736735434,classic,1.0
178,9-32-12-4-1-16-12-64,cifar10,0.542,0.059511561106650956,0.4385843360578262,21.512531280517578,18.0,,,2.4043176819614187,classic,1.0
179,1-32-24-32-6-2-12-16,cifar10,0.1,-0.1,0.33858433605782623,5.231639385223389,19.0,,,2.426701044284788,classic,1.0
180,24-8-24-2-12-8-24-4,cifar10,0.4135,-0.002012600891743488,0.33657173516608274,15.20184326171875,20.0,,,2.4477468306808166,classic,0.0
181,1-16-12-8-12-8-1-32,cifar10,0.4464,0.03128991928660524,0.367861654452688,15.423019409179688,21.0,,,2.467599010262171,classic,0.0
182,12-4-12-8-12-8-1-32,cifar10,0.451,0.029631935429284217,0.3974935898819722,1.433099627494812,22.0,,,2.48637987980852,classic,0.0
183,9-4-12-8-12-8-24-4,cifar10,0.4398,0.012505548343427375,0.4099991382253996,8.034423828125,23.0,,,2.504194168162345,classic,0.0
184,1-4-9-32-6-2-1-64,cifar10,0.1,-0.1,0.3099991382253996,10.073148727416992,24.0,,,2.5211322180115605,classic,1.0
185,24-32-24-4-9-64-6-16,cifar10,0.4656,0.1,0.4099991382253996,14.419166564941406,25.0,,,2.537272482359039,classic,1.0
186,24-8-1-2-3-2-6-4,cifar10,0.2948,-0.08938915924816526,0.3206099789772343,1.140060305595398,26.0,,,2.552683504871484,classic,1.0
187,9-32-12-8-12-8-24-32,cifar10,0.5453,0.1,0.4206099789772343,3.349486827850342,27.0,,,2.567425506613319,classic,0.0
188,24-2-3-8-3-2-24-8,cifar10,0.3773,-0.02480906191882576,0.39580091705840853,15.361481666564941,28.0,,,2.5815516691227405,classic,1.0
189,9-4-3-32-9-16-24-16,cifar10,0.5992,0.1,0.49580091705840856,2.81919527053833,29.0,,,2.5951091807422957,classic,1.0
190,9-64-3-4-24-4-3-32,cifar10,0.4731,0.03554220037195155,0.5313431174303601,11.391894340515137,30.0,,,2.608140096567727,classic,1.0
191,9-4-12-2-1-8-24-64,cifar10,0.4635,0.01883376029756123,0.5501768777279213,15.315234184265137,31.0,,,2.620682050339242,classic,0.0
192,24-64-12-32-3-8-24-2,cifar10,0.1,-0.1,0.45017687772792137,10.743757247924805,32.0,,,2.6327688477341593,classic,1.0
193,24-8-12-32-9-8-3-2,cifar10,0.1,-0.1,0.3501768777279214,8.283535957336426,33.0,,,2.6444309639188845,classic,1.0
194,9-4-12-2-12-8-24-4,cifar10,0.4142,0.09120288527235126,0.44137976300027265,4.619575023651123,34.0,,,2.6556959632518784,classic,0.0
195,9-4-24-2-12-32-1-4,cifar10,0.405,0.06376230821788104,0.5051420712181537,30.778148651123047,35.0,,,2.666588855256623,classic,0.0
196,9-16-24-2-6-32-1-8,cifar10,0.4561,0.1,0.6051420712181537,0.4361320734024048,36.0,,,2.677132398091701,classic,1.0
197,9-4-1-2-12-32-1-4,cifar10,0.368,-0.0064121227405561365,0.5987299484775975,12.71644401550293,37.0,,,2.687347358509586,classic,0.0
198,12-32-3-2-12-32-6-4,cifar10,0.1,-0.1,0.49872994847759755,5.710527420043945,38.0,,,2.697252735553858,classic,1.0
199,6-64-1-2-6-4-24-2,cifar10,0.1,-0.1,0.3987299484775976,1.1306283473968506,39.0,,,2.7068659538771573,classic,1.0
200,24-16-12-16-24-16-9-64,cifar10,0.5237,0.1,0.49872994847759755,1.533246636390686,40.0,,,2.716203031481239,classic,1.0
201,9-4-24-2-1-8-24-4,cifar10,0.1,-0.1,0.3987299484775976,0.6437395811080933,41.0,,,2.725278725820281,classic,0.0
202,9-4-6-8-3-4-6-16,cifar10,0.4446,0.1,0.49872994847759755,2.4850356578826904,42.0,,,2.734106661519762,classic,1.0
203,9-4-12-8-12-8-1-4,cifar10,0.4249,0.1,0.5987299484775975,4.836757183074951,43.0,,,2.7426994424083593,classic,0.0
204,12-64-12-64-1-2-9-4,cifar10,0.1,-0.1,0.49872994847759755,3.338078498840332,44.0,,,2.751068750110859,classic,1.0
205,12-16-24-2-1-8-24-64,cifar10,0.5289,0.1,0.5987299484775975,6.2099151611328125,45.0,,,2.7592254310839914,classic,0.0
206,1-32-1-8-6-2-9-64,cifar10,0.4297,0.09345459737410539,0.6921845458517029,7.355575084686279,46.0,,,2.767179573677536,classic,1.0
207,9-4-12-2-12-8-24-4,cifar10,0.4015,0.04656367789928434,0.7387482237509873,11.256096839904785,47.0,,,1.9621792990728595,classic,0.0
208,9-8-12-2-12-8-24-4,cifar10,0.4216,0.057350942319427445,0.7960991660704146,19.375154495239258,48.0,,,2.782517209617181,classic,0.0
209,9-8-12-2-12-8-24-4,cifar10,0.3636,-0.012119246144458085,0.7839799199259565,3.984306573867798,49.0,,,1.9727697022487511,classic,0.0
210,3-16-6-2-12-2-12-2,cifar10,0.2928,-0.08049539691556645,0.7034845230103901,0.4958365559577942,50.0,,,2.797149622536537,classic,1.0
211,24-64-6-16-6-4-24-8,cifar10,0.4725,0.1,0.8034845230103901,9.53162670135498,51.0,,,2.804220259795698,classic,1.0
212,12-2-9-2-9-16-3-4,cifar10,0.3479,-0.03235705402596256,0.7711274689844275,7.967825889587402,52.0,,,2.811136324898324,classic,1.0
213,9-4-12-2-12-8-24-4,cifar10,0.1,-0.1,0.6711274689844275,11.208210945129395,53.0,,,1.6269177224744387,classic,0.0
214,9-8-12-2-12-32-6-4,cifar10,0.4354,0.1,0.7711274689844275,13.007112503051758,54.0,,,2.8245297118509036,classic,0.0
215,9-8-12-8-12-64-1-32,cifar10,0.5296,0.1,0.8711274689844275,3.4968204498291016,55.0,,,2.831018610052739,classic,0.0
216,9-4-6-8-12-32-1-4,cifar10,0.4301,0.05033775067096574,0.9214652196553932,18.995620727539062,56.0,,,2.837376143811444,classic,0.0
217,9-4-6-8-12-32-1-4,cifar10,0.441,0.051170200536772625,0.9726354201921659,14.795822143554688,57.0,,,2.010734012204138,classic,0.0
218,9-4-6-8-12-32-1-4,cifar10,0.3998,-0.0002638395705819585,0.9723715806215839,0.8869021534919739,58.0,,,1.6452847799183417,classic,0.0
219,3-16-12-8-24-2-1-64,cifar10,0.4586,0.05858892834353446,1.0309605089651184,0.4978751540184021,59.0,,,2.8557091742352614,classic,0.0
220,24-2-1-4-3-8-1-8,cifar10,0.2953,-0.1,0.9309605089651184,1.4171017408370972,60.0,,,2.8615885665909766,classic,1.0
221,9-4-12-2-12-8-9-4,cifar10,0.3855,-0.002943085860137973,0.9280174231049805,6.7747483253479,61.0,,,2.867359016298207,classic,0.0
222,9-4-12-2-12-8-24-4,cifar10,0.3878,-5.446868811043171e-05,0.92796295441687,0.26775988936424255,62.0,,,1.4365121623301857,classic,0.0
223,9-4-24-2-12-8-24-32,cifar10,0.4812,0.0933564250495117,1.0213193794663817,3.4519500732421875,63.0,,,2.8785881005769243,classic,0.0
224,12-16-9-32-3-2-24-64,cifar10,0.5189,0.1,1.1213193794663818,8.535253524780273,64.0,,,2.884053773201766,classic,1.0
225,9-8-6-32-12-2-6-64,cifar10,0.511,0.08200811203168745,1.2033274914980692,1.7426373958587646,65.0,,,2.889424603583086,classic,0.0
226,9-16-9-2-12-64-1-32,cifar10,0.473,0.02760648962534995,1.2309339811234192,12.38277530670166,66.0,,,2.8947036953810747,classic,0.0
227,9-8-6-32-12-32-6-4,cifar10,0.4982,0.04728519170027995,1.2782191728236991,1.1197950839996338,67.0,,,2.899894004749472,classic,0.0
228,9-16-9-2-12-64-1-32,cifar10,0.4642,0.0038281533602239626,1.2820473261839231,10.648465156555176,68.0,,,2.054144032237298,classic,0.0
229,9-8-6-32-12-32-6-32,cifar10,0.619,0.1,1.3820473261839232,26.219581604003906,69.0,,,2.910019417322592,classic,0.0
230,9-16-12-2-12-64-1-32,cifar10,0.4502,-0.042509981849456646,1.3395373443344667,2.195482015609741,70.0,,,2.9149597740103927,classic,0.0
231,9-8-12-2-12-8-24-4,cifar10,0.4131,-0.07110798547956532,1.2684293588549014,0.6494383811950684,71.0,,,1.6857599427837318,classic,0.0
232,9-4-9-2-12-32-3-4,cifar10,0.3724,-0.09758638838365224,1.170842970471249,23.338733673095703,72.0,,,2.9246080486164483,classic,0.0
233,9-4-12-2-12-32-6-4,cifar10,0.1,-0.1,1.070842970471249,21.00074577331543,73.0,,,2.9293205495979406,classic,0.0
234,9-8-12-2-12-8-3-32,cifar10,0.4443,0.06392471143446249,1.1347676819057115,4.3940653800964355,74.0,,,2.933961517540464,classic,0.0
235,9-4-12-2-12-32-3-4,cifar10,0.3731,-0.020060230852430028,1.1147074510532815,6.133257865905762,75.0,,,2.9385330059525656,classic,0.0
236,9-4-12-2-12-8-24-4,cifar10,0.3563,-0.032848184681944004,1.0818592663713376,10.001779556274414,76.0,,,1.316166150649124,classic,0.0
237,9-4-9-2-12-32-3-4,cifar10,0.1,-0.1,0.9818592663713376,16.80292510986328,77.0,,,2.0841797959517994,classic,0.0
238,6-32-1-2-24-16-3-2,cifar10,0.288,-0.03806283819644424,0.9437964281748934,0.6018034219741821,78.0,,,2.951849869722236,classic,1.0
239,9-4-12-2-12-8-24-4,cifar10,0.4107,0.09224972944284465,1.036046157617738,10.705403327941895,79.0,,,1.206848216425333,classic,0.0
240,9-4-9-2-12-32-3-4,cifar100,0.077,0.077,1.113046157617738,0.37232035398483276,0.0,,,0.0,classic,0.0
241,9-8-12-32-12-2-6-64,cifar100,0.01,-0.067,1.046046157617738,7.812863349914551,1.0,,,0.0,classic,0.0
242,9-8-12-2-12-8-1-32,cifar100,0.1145,0.0509,1.096946157617738,6.807146072387695,2.0,,,1.1774100225154747,classic,0.0
243,1-4-6-2-12-16-3-64,cifar100,0.1395,0.06572,1.162666157617738,0.24541796743869781,3.0,,,1.4823038073675112,classic,0.0
244,9-4-12-2-12-8-1-4,cifar100,0.0559,-0.031024000000000017,1.131642157617738,8.478962898254395,4.0,,,1.6651092223153954,classic,0.0
245,1-4-6-2-12-16-3-64,cifar100,0.1423,0.061580800000000005,1.193222957617738,8.904502868652344,5.0,,,1.2686362411795196,classic,0.0
246,9-4-12-2-12-8-1-4,cifar100,0.0684,-0.02463536000000001,1.168587597617738,4.673206806182861,6.0,,,1.3385661990458504,classic,0.0
247,1-4-6-2-12-16-3-64,cifar100,0.138,0.049891712000000005,1.218479309617738,3.323615550994873,7.0,,,1.1389791186424545,classic,0.0
248,9-4-12-2-12-8-1-4,cifar100,0.0755,-0.022586630400000016,1.195892679217738,2.5721678733825684,8.0,,,1.1774100225154747,classic,0.0
249,1-4-6-2-12-32-24-2,cifar100,0.0265,-0.06706930432000002,1.1288233748977379,3.6998753547668457,9.0,,,2.09629414793641,classic,0.0
250,1-16-12-8-24-2-1-32,cifar100,0.0751,-0.005055443456000022,1.123767931441738,9.449779510498047,10.0,,,2.145966026289347,classic,0.0
251,3-64-6-8-24-2-1-64,cifar100,0.079,-0.0001443547648000143,1.123623576676938,3.142611503601074,11.0,,,2.189929347170073,classic,0.0
252,6-2-24-8-1-2-1-64,cifar100,0.0554,-0.023715483811840014,1.099908092865098,33.089820861816406,12.0,,,2.2293078072747154,classic,0.0
253,3-64-24-8-1-2-1-64,cifar100,0.01,-0.06437238704947201,1.0355357058156258,6.768336772918701,13.0,,,2.2649279712439143,classic,0.0
254,3-64-24-8-1-2-1-64,cifar100,0.0859,0.024402090360422395,1.059937796176048,2.0281434059143066,14.0,,,1.624517568269195,classic,0.0
255,1-64-24-8-24-2-12-64,cifar100,0.1663,0.09992167228833791,1.159859468464386,9.603666305541992,15.0,,,2.3272516843273356,classic,0.0
256,3-64-3-32-24-2-1-64,cifar100,0.0355,-0.05086266216932967,1.1089968062950561,41.35478210449219,16.0,,,2.3548200450309493,classic,0.0
257,9-8-12-2-12-2-6-8,cifar100,0.0528,-0.023390129735463727,1.0856066765595924,3.766984224319458,17.0,,,2.380425736735434,classic,0.0
258,9-16-1-2-12-64-1-32,cifar100,0.1605,0.08898789621162902,1.1745945727712215,3.0479323863983154,18.0,,,2.4043176819614187,classic,0.0
259,9-8-6-32-12-2-1-64,cifar100,0.01,-0.07930968303069678,1.0952848897405247,19.57899284362793,19.0,,,2.426701044284788,classic,0.0
260,9-16-12-8-12-2-1-32,cifar100,0.0493,-0.02414774642455743,1.0711371433159673,1.0926892757415771,20.0,,,2.4477468306808166,classic,0.0
261,3-64-6-8-24-2-1-64,cifar100,0.0899,0.021281802860354054,1.0924189461763214,0.7906240820884705,21.0,,,1.7448559934055943,classic,0.0
262,6-64-24-8-24-2-1-64,cifar100,0.0971,0.024225442288283258,1.1166443884646047,14.950660705566406,22.0,,,2.48637987980852,classic,0.0
263,1-64-24-8-24-2-1-64,cifar100,0.01,-0.0677196461693734,1.0489247422952312,1.0419718027114868,23.0,,,2.504194168162345,classic,0.0
264,1-64-24-8-24-2-12-64,cifar100,0.1691,0.1,1.1489247422952313,17.313142776489258,24.0,,,1.782709687623856,classic,0.0
265,3-64-3-8-24-2-1-64,cifar100,0.073,-0.012160573548398973,1.1367641687468324,27.273147583007812,25.0,,,2.537272482359039,classic,0.0
266,1-64-24-8-24-2-6-64,cifar100,0.01,-0.07272845883871919,1.0640357099081132,8.22951602935791,26.0,,,2.552683504871484,classic,0.0
267,1-16-24-8-1-2-1-64,cifar100,0.01,-0.058182767070975354,1.0058529428371379,12.247736930847168,27.0,,,2.567425506613319,classic,0.0
268,3-4-1-8-24-2-1-64,cifar100,0.01,-0.046546213656780286,0.9593067291803576,3.0339906215667725,28.0,,,2.5815516691227405,classic,0.0
269,1-64-24-8-24-2-6-64,cifar100,0.1451,0.09786302907457578,1.0571697582549335,42.23921585083008,29.0,,,1.835019299622343,classic,0.0
270,1-16-24-8-1-4-9-64,cifar100,0.1388,0.07199042325966062,1.1291601815145942,3.223568916320801,30.0,,,2.608140096567727,classic,0.0
271,9-4-6-2-12-2-1-4,cifar100,0.049,-0.032207661392271505,1.0969525201223227,0.5784868597984314,31.0,,,2.620682050339242,classic,0.0
272,1-16-1-8-24-4-1-32,cifar100,0.0329,-0.04186612911381721,1.0550863910085055,1.5719231367111206,32.0,,,2.6327688477341593,classic,0.0
273,9-64-6-8-24-2-3-64,cifar100,0.01,-0.056392903291053766,0.9986934877174518,1.526585578918457,33.0,,,2.6444309639188845,classic,0.0
274,1-64-6-8-24-2-1-64,cifar100,0.0712,0.016085677367156978,1.0147791650846087,0.42989829182624817,34.0,,,2.6556959632518784,classic,0.0
275,6-32-24-8-24-2-1-64,cifar100,0.01,-0.048331458106274414,0.9664477069783344,8.617173194885254,35.0,,,2.666588855256623,classic,0.0
276,1-32-3-8-24-2-9-64,cifar100,0.1638,0.1,1.0664477069783345,4.092060089111328,36.0,,,2.677132398091701,classic,0.0
277,9-64-12-2-12-2-1-4,cifar100,0.0509,-0.02079213318801562,1.0456555737903188,11.505590438842773,37.0,,,2.687347358509586,classic,0.0
278,24-16-1-2-6-2-6-32,cifar100,0.1123,0.044766293449587505,1.0904218672399064,4.490767002105713,38.0,,,2.697252735553858,classic,0.0
279,9-8-3-32-12-2-24-8,cifar100,0.108,0.03151303475967,1.1219349019995764,10.680602073669434,39.0,,,2.7068659538771573,classic,0.0
280,9-16-12-2-12-2-1-32,cifar100,0.01,-0.072789572192264,1.0491453298073123,12.048466682434082,40.0,,,2.716203031481239,classic,0.0
281,24-8-3-32-12-2-24-64,cifar100,0.1446,0.07636834224618881,1.125513672053501,0.07294722646474838,41.0,,,2.725278725820281,classic,0.0
282,9-16-12-32-12-2-1-64,cifar100,0.0366,-0.04690532620304896,1.078608345850452,6.5543293952941895,42.0,,,2.734106661519762,classic,0.0
283,24-16-3-32-12-2-24-64,cifar100,0.1645,0.09037573903756084,1.1689840848880129,16.763853073120117,43.0,,,2.7426994424083593,classic,0.0
284,24-16-3-32-12-2-24-64,cifar100,0.01,-0.08219940876995134,1.0867846761180615,15.588467597961426,44.0,,,1.9452993687137876,classic,0.0
285,9-16-3-32-12-2-24-64,cifar100,0.1929,0.1,1.1867846761180616,1.8906265497207642,45.0,,,2.7592254310839914,classic,0.0
286,9-16-3-32-12-2-24-64,cifar100,0.1871,0.08791237838723114,1.2746970545052927,1.9852029085159302,46.0,,,1.9566914413082854,classic,0.0
287,9-16-3-32-12-2-24-64,cifar100,0.01,-0.1,1.1746970545052926,10.89607048034668,47.0,,,1.6021126888601518,classic,0.0
288,9-16-3-32-12-2-24-64,cifar100,0.01,-0.08541607783217206,1.0892809766731206,30.226409912109375,48.0,,,1.3912586048085904,classic,0.0
289,9-16-3-32-12-2-24-8,cifar100,0.1217,0.043367137734262345,1.132648114407383,7.930234432220459,49.0,,,2.7899176683589166,classic,0.0
290,24-16-3-32-12-2-24-64,cifar100,0.01,-0.07700628981259013,1.055641824594793,8.938159942626953,50.0,,,1.6149350875351298,classic,0.0
291,24-16-3-32-3-2-24-8,cifar100,0.01,-0.061605031850072094,0.9940367927447209,24.909244537353516,51.0,,,2.804220259795698,classic,0.0
292,24-64-3-32-12-2-6-8,cifar100,0.01,-0.049284025480057676,0.9447527672646632,1.015529751777649,52.0,,,2.811136324898324,classic,0.0
293,9-8-1-2-12-2-1-64,cifar100,0.0655,0.016072779615953853,0.960825546880617,7.561932563781738,53.0,,,2.81790415505997,classic,0.0
294,1-16-3-8-24-2-1-32,cifar100,0.0743,0.021658223692763087,0.9824837705733801,4.8493804931640625,54.0,,,2.8245297118509036,classic,0.0
295,3-4-3-64-24-2-6-64,cifar100,0.1201,0.06312657895421046,1.0456103495275906,2.764465808868408,55.0,,,2.831018610052739,classic,0.0
296,9-8-1-2-12-8-6-64,cifar100,0.01,-0.05959873683663162,0.9860116126909589,1.7248777151107788,56.0,,,2.837376143811444,classic,0.0
297,9-8-9-2-12-64-9-2,cifar100,0.01,-0.0476789894693053,0.9383326232216537,4.646808624267578,57.0,,,2.8436073103839603,classic,0.0
298,9-16-3-32-12-2-1-64,cifar100,0.01,-0.03814319157544425,0.9001894316462095,4.607536315917969,58.0,,,2.849716831738346,classic,0.0
299,24-16-3-32-9-2-24-8,cifar100,0.0947,0.0541854467396446,0.9543748783858541,1.5753836631774902,59.0,,,2.8557091742352614,classic,0.0
300,9-4-12-2-12-8-24-64,cifar100,0.1586,0.1,1.0543748783858542,9.213332176208496,60.0,,,2.8615885665909766,classic,0.0
301,1-8-6-8-12-2-24-8,cifar100,0.1075,0.03469868591337254,1.0890735642992266,5.045845985412598,61.0,,,2.867359016298207,classic,0.0
302,9-16-1-8-24-2-1-64,cifar100,0.0793,-0.0004410512693019675,1.0886325130299246,10.72421646118164,62.0,,,2.8730243246603715,classic,0.0
303,3-4-3-8-24-2-1-64,cifar100,0.0355,-0.04415284101544157,1.044479672014483,13.599214553833008,63.0,,,2.8785881005769243,classic,0.0
304,9-64-9-8-1-2-6-64,cifar100,0.1729,0.1,1.1444796720144832,1.7632256746292114,64.0,,,2.884053773201766,classic,0.0
305,9-16-3-2-12-2-9-64,cifar100,0.01,-0.08123781824988259,1.0632418537646007,10.392459869384766,65.0,,,2.889424603583086,classic,0.0
306,9-16-12-2-12-2-1-64,cifar100,0.01,-0.06499025459990608,0.9982515991646946,0.8199790716171265,66.0,,,2.8947036953810747,classic,0.0
307,24-16-3-2-12-2-24-8,cifar100,0.1135,0.05150779632007514,1.0497593954847697,2.691748857498169,67.0,,,2.899894004749472,classic,0.0
308,3-16-3-2-3-2-6-8,cifar100,0.0898,0.017506237056060123,1.0672656325408298,5.65560245513916,68.0,,,2.9049983494577436,classic,0.0
309,3-8-9-2-12-8-6-8,cifar100,0.1016,0.025804989644848092,1.0930706221856779,26.53758430480957,69.0,,,2.910019417322592,classic,0.0
310,9-16-3-2-12-2-24-64,cifar100,0.154,0.07304399171587848,1.1661146139015564,0.8510043621063232,70.0,,,2.9149597740103927,classic,0.0
311,24-4-3-32-3-2-6-8,cifar100,0.0895,-0.006064806627297206,1.160049807274259,8.211897850036621,71.0,,,2.9198218702658267,classic,0.0
312,9-8-9-2-12-2-6-8,cifar100,0.083,-0.011351845301837762,1.1486979619724214,5.159424304962158,72.0,,,2.9246080486164483,classic,0.0
313,9-16-3-2-12-2-1-64,cifar100,0.0618,-0.030281476241470227,1.118416485730951,22.654478073120117,73.0,,,2.9293205495979406,classic,0.0
314,24-4-3-32-3-2-24-8,cifar100,0.0712,-0.014825180993176187,1.103591304737775,12.748234748840332,74.0,,,2.933961517540464,classic,0.0
315,9-64-24-2-3-8-6-8,cifar100,0.1092,0.026139855205459056,1.129731159943234,0.9035066962242126,75.0,,,2.9385330059525656,classic,0.0
316,9-8-1-64-12-64-24-8,cifar100,0.0818,-0.00648811583563276,1.1232430441076013,23.561098098754883,76.0,,,2.94303698253567,classic,0.0
317,9-16-3-8-12-2-1-32,cifar100,0.068,-0.018990492668506206,1.104252551439095,3.359802722930908,77.0,,,2.9474753338590247,classic,0.0
318,1-4-3-32-24-2-1-64,cifar100,0.0397,-0.043492394134804976,1.0607601573042902,21.900779724121094,78.0,,,2.951849869722236,classic,0.0
319,9-64-12-2-12-2-6-8,cifar100,0.0885,0.014006084692156015,1.074766241996446,12.055732727050781,79.0,,,2.956162327230026,classic,0.0
