hash,trainable_parameters,training_time,train_accuracy,validation_accuracy,test_accuracy
6999814271748911528,12508170,1960.9940185546875,1.0,0.9267828464508057,0.9241786599159241
-7862925793555279289,6919388,3022.93896484375,1.0,0.9407051205635071,0.9353966116905212
4427688098341607247,48231818,4953.494140625,1.0,0.9413061141967773,0.9347956776618958
6263012615114200589,12071306,1824.97607421875,1.0,0.9154647588729858,0.9127604365348816
-1282739358593235008,12508170,1953.4609375,1.0,0.9160656929016113,0.913161039352417
3193908909078248718,12508170,1949.696044921875,1.0,0.9144631624221802,0.9063501358032227
2986411830468226131,3355466,1053.239013671875,0.9998998641967773,0.9373998641967773,0.9322916865348816
8743498150246325973,6337246,1876.47802734375,1.0,0.9410055875778198,0.9318910241127014
8902259981710369240,12508170,1973.2340087890625,1.0,0.9245793223381042,0.9196714758872986
-3645287374365318666,6045660,1713.89599609375,1.0,0.9370993375778198,0.9392027258872986
-8586225882552338731,49105546,5284.904296875,1.0,0.9382011294364929,0.9324919581413269
2114612457190122995,6058850,1729.876953125,1.0,0.9352964758872986,0.9323918223381042
-9132119422871526147,12508170,1941.85888671875,1.0,0.9255809187889099,0.9228765964508057
-6975437718185339014,12508170,1960.06103515625,1.0,0.9180688858032227,0.9168669581413269
4153255148511728966,13381898,2246.009033203125,1.0,0.9390023946762085,0.9381009340286255
-6289619349782163878,13381898,3068.31591796875,1.0,0.9328926205635071,0.9263821840286255
1421028781914438510,12945034,2104.491943359375,1.0,0.9312900900840759,0.9271835088729858
1668107332268271835,48231818,5133.447265625,0.9991987347602844,0.8909254670143127,0.8840144276618958
-6328170805834822165,12945034,2098.89404296875,1.0,0.9386017918586731,0.9356971383094788
-4890729598477439257,3137034,932.5460205078125,1.0,0.9173678159713745,0.9120593070983887
5220606051248643882,13381898,2259.078125,1.0,0.9450120329856873,0.9399038553237915
-7100612071079620235,13818762,3242.53515625,1.0,0.9440104365348816,0.9371995329856873
8989541025141266806,6034146,1715.573974609375,1.0,0.9369992017745972,0.9327924847602844
1231214852134384171,5760373,1575.927001953125,1.0,0.9304887652397156,0.9300881624221802
8456564941878227409,12945034,2877.094970703125,1.0,0.9422075152397156,0.9342948794364929
6519167789765442854,3573898,1167.0260009765625,1.0,0.9382011294364929,0.9352964758872986
-553725322447218426,12071306,1822.751953125,1.0,0.9307892918586731,0.9296875
-6764708222638949864,5742560,1564.0,1.0,0.9361979365348816,0.9279847741127014
4402468244635883834,12945034,2123.39404296875,1.0,0.9360977411270142,0.9358974099159241
-6692331574727738701,12071306,1817.0269775390625,1.0,0.9161658883094788,0.9085536599159241
-8324205648976246661,5742560,1549.93798828125,1.0,0.9358974099159241,0.9328926205635071
-8509633014018373108,3355466,1043.154052734375,1.0,0.9311898946762085,0.9301882982254028
6275527767192074719,12945034,2091.75,1.0,0.9394030570983887,0.9366987347602844
-7237406022171659897,49979274,5343.0478515625,1.0,0.9422075152397156,0.9369992017745972
2908024523743844090,12508170,1960.4530029296875,0.9998998641967773,0.9139623641967773,0.9108573794364929
417601011400231943,6032470,1712.490966796875,1.0,0.9356971383094788,0.9340945482254028
-8650101196968250222,12945034,2100.6728515625,1.0,0.9356971383094788,0.9325921535491943
-846106023434943137,13381898,3073.6669921875,1.0,0.9390023946762085,0.93359375
7526091693837851485,49979274,5411.095703125,1.0,0.9441105723381042,0.9375
-4855587909822919239,5744236,1580.658935546875,1.0,0.9359976053237915,0.9318910241127014
-8084500119214314628,12071306,1762.18896484375,1.0,0.924879789352417,0.9175680875778198
6864251137732854084,48231818,4993.0859375,0.9998998641967773,0.9230769276618958,0.9197716116905212
-8357633144498282855,12945034,2095.384033203125,1.0,0.9385015964508057,0.932692289352417
-2804324737914887623,5480301,1418.715087890625,0.9994992017745972,0.9091546535491943,0.9012419581413269
-7995186700154588476,12945034,2094.31005859375,1.0,0.9263821840286255,0.9230769276618958
-8367996795687219926,12945034,2094.6298828125,1.0,0.9333934187889099,0.9291867017745972
-1215796271872555343,12508170,1927.154052734375,1.0,0.9325921535491943,0.9321914911270142
-291662822396077292,5742560,1532.278076171875,1.0,0.9290865659713745,0.9240785241127014
-4418028693749518962,13381898,2258.30712890625,1.0,0.9421073794364929,0.9408053159713745
2344504394113863722,12945034,2097.87890625,1.0,0.9396033883094788,0.9331930875778198
2786736397908502733,12945034,2107.77490234375,1.0,0.9409054517745972,0.9357972741127014
-1227109384802277450,13381898,3074.71923828125,1.0,0.9434094429016113,0.9369992017745972
-3415995313781112428,49979274,5507.1962890625,1.0,0.9369992017745972,0.9359976053237915
-2184821494899253002,12071306,1815.176025390625,0.9998998641967773,0.9265825152397156,0.9268830418586731
7781745807278343981,13381898,2239.2841796875,1.0,0.9432091116905212,0.9370993375778198
-2144916747139953363,13818762,3248.5771484375,1.0,0.9418069124221802,0.9340945482254028
51087447521275185,5758697,1567.14306640625,1.0,0.9307892918586731,0.928786039352417
7220873128158842284,5484924,1406.027099609375,0.9975961446762085,0.8938301205635071,0.8846153616905212
8340940631147666058,12508170,1943.845947265625,1.0,0.9332932829856873,0.9322916865348816
7714691760082736283,5755750,1558.14208984375,1.0,0.9300881624221802,0.9301882982254028
-7732559100134887951,12945034,2072.1611328125,1.0,0.9339944124221802,0.9302884340286255
5334438193928715937,5771887,1578.64599609375,1.0,0.9255809187889099,0.9225761294364929
-6278528960265570701,13381898,2238.255859375,1.0,0.9406049847602844,0.9355969429016113
-2095743218290669920,5755750,1578.0250244140625,1.0,0.9364984035491943,0.9341946840286255
-8590050445785555339,12945034,2077.47509765625,1.0,0.9338942170143127,0.9364984035491943
5256586550321046786,5771887,1573.783935546875,0.9998998641967773,0.9243789911270142,0.9236778616905212
-8327583553271772622,12945034,2107.669921875,1.0,0.9358974099159241,0.9351963400840759
-4645637164625261012,49105546,5268.6083984375,1.0,0.9409054517745972,0.9355969429016113
3021951230356614577,12508170,1931.31591796875,1.0,0.9264823794364929,0.9238781929016113
-8723984178728970193,5761019,1583.6610107421875,1.0,0.9300881624221802,0.9230769276618958
7237387670268292143,12945034,2103.550048828125,1.0,0.9426081776618958,0.9366987347602844
-3616547856591378495,48231818,5078.9248046875,0.9996995329856873,0.8991386294364929,0.8948317170143127
1146056469472091833,13818762,3245.02685546875,1.0,0.9418069124221802,0.9381009340286255
900758757262328197,49979274,5518.19921875,1.0,0.9321914911270142,0.9294871687889099
3089767718230028882,3355466,1064.986083984375,1.0,0.9339944124221802,0.9297876358032227
-1302464205761909755,49979274,5400.07421875,1.0,0.9315905570983887,0.9250801205635071
2169222124991869287,5468787,1412.383056640625,0.9998998641967773,0.9120593070983887,0.9016426205635071
-3120479166687423625,12508170,1954.60498046875,1.0,0.9355969429016113,0.9325921535491943
5885517817222581708,12071306,1813.239013671875,0.9997996687889099,0.9087539911270142,0.9026442170143127
2373095417314445778,5452650,1409.0400390625,1.0,0.9313902258872986,0.9263821840286255
-215735988533335827,12508170,1961.986083984375,1.0,0.9345953464508057,0.9322916865348816
-4585845432523762718,12945034,2071.626953125,1.0,0.934495210647583,0.9276843070983887
6549757830656511529,12945034,2936.94189453125,1.0,0.9380007982254028,0.9337940812110901
-2693186793445020191,3355466,1041.714111328125,1.0,0.9342948794364929,0.9260817170143127
-7163198403824806926,5484924,1410.64404296875,0.9982972741127014,0.8940304517745972,0.8823117017745972
-1057135286378590730,12945034,2097.762939453125,1.0,0.9341946840286255,0.9318910241127014
-5734882134662749893,12508170,1963.1279296875,1.0,0.9275841116905212,0.9242788553237915
1745530174797045418,12508170,1947.3489990234375,1.0,0.9213742017745972,0.921875
-7656923512666913681,5777156,1576.6640625,0.9994992017745972,0.9077523946762085,0.9033453464508057
-187221840029375160,49105546,5308.3388671875,1.0,0.9352964758872986,0.932692289352417
6611236663703337171,12508170,1937.2860107421875,1.0,0.9378004670143127,0.9340945482254028
-6072691198245300669,48231818,4956.41796875,0.9998998641967773,0.911057710647583,0.9022436141967773
-6529297124386540641,47358090,4669.49609375,0.9921875,0.8742988705635071,0.8634815812110901
-4953391651631253903,48231818,4953.36328125,1.0,0.9424078464508057,0.9345953464508057
676346974517270961,3355466,1041.5880126953125,1.0,0.9296875,0.9233773946762085
7864120413628943984,6050929,1722.89404296875,1.0,0.9349960088729858,0.9356971383094788
3267448390046066442,49105546,5334.89794921875,0.9998998641967773,0.9201722741127014,0.9128605723381042
-7489521240333505264,13818762,3248.18115234375,1.0,0.9325921535491943,0.9242788553237915
4889920100344209511,12945034,2112.302978515625,1.0,0.9309895634651184,0.9272836446762085
1535355618118060828,12945034,2118.095947265625,1.0,0.9382011294364929,0.9355969429016113
-3567153003298584964,5771887,1567.782958984375,1.0,0.9302884340286255,0.9258813858032227
3977876160075473104,3573898,1165.6810302734375,1.0,0.9376001358032227,0.93359375
-7554761571893655572,5468787,1417.929931640625,0.9994992017745972,0.9144631624221802,0.90625
8877509108953978831,48231818,4981.0078125,1.0,0.9125601053237915,0.9122596383094788
-6364892922054644822,12508170,1964.2430419921875,1.0,0.9277844429016113,0.9245793223381042
-6307903616158076742,12945034,2112.260986328125,1.0,0.9389022588729858,0.936598539352417
-290107572476502399,12508170,1934.51708984375,1.0,0.9297876358032227,0.9254807829856873
8715829164122377800,12508170,1950.79296875,1.0,0.9084535241127014,0.9012419581413269
7706757546851835027,5475678,1417.93310546875,1.0,0.9166666865348816,0.9112580418586731
4131314517490730661,48231818,4981.1142578125,1.0,0.9391025900840759,0.9317908883094788
6065532673498273080,49105546,5250.83984375,1.0,0.940504789352417,0.9382011294364929
2077597144825618011,13818762,3241.23193359375,1.0,0.9389022588729858,0.9327924847602844
-6485879521291714980,3792330,1294.2060546875,1.0,0.9401041865348816,0.9357972741127014
-3520067637578290694,48231818,5128.73681640625,0.9988982081413269,0.8918269276618958,0.8823117017745972
7431993172793993534,48231818,4981.4638671875,1.0,0.9329928159713745,0.9278846383094788
9006677548423191525,13381898,3069.427978515625,1.0,0.9407051205635071,0.9350961446762085
-2803096181404179915,3137034,923.948974609375,0.9971955418586731,0.8953325152397156,0.8893229365348816
-7761342137353022700,6034146,1714.822998046875,1.0,0.9408053159713745,0.9361979365348816
-5936403388433951925,5767264,1554.5579833984375,1.0,0.9292868375778198,0.9275841116905212
-1885622547439621588,6045660,1689.31591796875,1.0,0.9415063858032227,0.9356971383094788
-7889589309362126261,3355466,1040.364013671875,1.0,0.9316906929016113,0.9284855723381042
6067053016047598275,48231818,4915.7880859375,1.0,0.9036458134651184,0.8926281929016113
-3424544600592647382,6324056,1874.7030029296875,1.0,0.9428085088729858,0.9391025900840759
-7631650474250255599,13381898,3069.5830078125,1.0,0.9393028616905212,0.9355969429016113
-4898130148010849646,5452650,1405.02294921875,1.0,0.922776460647583,0.9168669581413269
5777101697883797013,12945034,2102.796875,1.0,0.9434094429016113,0.9368990659713745
-3408107834626448911,12508170,1958.85791015625,1.0,0.9243789911270142,0.9203726053237915
-5222412337656161098,12071306,1799.1099853515625,0.9978966116905212,0.8971354365348816,0.8860176205635071
7598906180250013104,5468787,1428.5579833984375,1.0,0.9195713400840759,0.9150640964508057
5948993298130506933,12508170,1972.5970458984375,1.0,0.9223757982254028,0.9201722741127014
-8787841894543317629,13381898,3074.490966796875,1.0,0.9409054517745972,0.93359375
-7952965240159622407,6047336,1726.39892578125,1.0,0.9360977411270142,0.9308894276618958
-6164429412483937697,12945034,2094.958984375,1.0,0.9379006624221802,0.9355969429016113
-3243520609892386162,48231818,4904.27734375,1.0,0.9292868375778198,0.9351963400840759
-144038440153627961,5760373,1580.5579833984375,1.0,0.9279847741127014,0.9282852411270142
-8957372119807460999,49105546,5119.775390625,1.0,0.9330929517745972,0.9278846383094788
6923403002226924910,6627802,2853.64208984375,1.0,0.9426081776618958,0.9381009340286255
-5254472960716130617,3355466,1036.825927734375,1.0,0.9296875,0.9275841116905212
-6088623965458876500,5758697,1577.4620361328125,0.9998998641967773,0.9333934187889099,0.9271835088729858
1041776004194112277,12945034,2095.06689453125,1.0,0.9352964758872986,0.9315905570983887
-5391319362629189681,12945034,2099.90087890625,1.0,0.9349960088729858,0.9306890964508057
-691538737571821374,13818762,3241.68798828125,1.0,0.9362980723381042,0.9276843070983887
-4139568249047845738,48231818,5071.76806640625,1.0,0.9056490659713745,0.8999398946762085
-6673565090108274448,13381898,3061.12890625,1.0,0.9449118375778198,0.9392027258872986
7690314389403051837,6045660,1731.7459716796875,1.0,0.9392027258872986,0.9339944124221802
8781523596187812308,49105546,5119.18505859375,1.0,0.9375,0.9350961446762085
4945700732702017203,12508170,1959.096923828125,0.9994992017745972,0.9099559187889099,0.9045472741127014
-5817717195242069238,13381898,2244.966064453125,1.0,0.9429086446762085,0.94140625
-938598316544050149,13381898,3070.8828125,1.0,0.9377003312110901,0.9328926205635071
-2771845352878976196,5468787,1425.751953125,0.9998998641967773,0.9225761294364929,0.9200721383094788
2158873262748908053,3355466,1040.8280029296875,1.0,0.9299879670143127,0.9283854365348816
-2423960864476702483,12945034,2895.135986328125,1.0,0.9317908883094788,0.9273838400840759
-5062600181401864575,6045660,1725.9630126953125,1.0,0.9394030570983887,0.9351963400840759
-8626757096189316860,3355466,1057.700927734375,1.0,0.934495210647583,0.9270833134651184
-9185340443413631198,12508170,1955.739013671875,1.0,0.9283854365348816,0.92578125
8384561958473829137,5777156,1564.4970703125,0.9992988705635071,0.8939303159713745,0.8861178159713745
-8723462097895755218,12071306,1829.218017578125,0.9996995329856873,0.9107571840286255,0.90625
-1522007079617972384,5776510,1573.3690185546875,0.9997996687889099,0.9146634340286255,0.9089543223381042
4273875793609483935,5742560,1552.511962890625,1.0,0.9283854365348816,0.922776460647583
4593995731459332142,12945034,2119.48583984375,1.0,0.9327924847602844,0.9276843070983887
-8991074977188578242,5777156,1566.428955078125,0.9997996687889099,0.9040464758872986,0.8979367017745972
-3423002348213785235,12945034,2077.66015625,1.0,0.9429086446762085,0.9362980723381042
8255898157205772885,6034146,1718.2890625,1.0,0.9370993375778198,0.9285857081413269
-8620929936612774068,5468787,1409.3310546875,0.9998998641967773,0.9215745329856873,0.9123597741127014
4325809366730991397,12945034,2098.05322265625,1.0,0.940504789352417,0.9395031929016113
-574656347583848195,12945034,2840.7060546875,0.9998998641967773,0.9377003312110901,0.9308894276618958
-7051267690779147899,6629478,2861.194091796875,1.0,0.9341946840286255,0.9269831776618958
5849637367031816692,48231818,4936.4912109375,1.0,0.9323918223381042,0.9271835088729858
2532982923411072127,49105546,5311.28125,0.9998998641967773,0.8953325152397156,0.88671875
-5729483720733631554,12508170,1939.696044921875,0.9996995329856873,0.9183694124221802,0.9085536599159241
-599221020742216165,12508170,1972.529052734375,1.0,0.9291867017745972,0.9207732081413269
9173899922068494730,12945034,2106.37890625,1.0,0.9321914911270142,0.9351963400840759
-3897893639578224257,5484924,1405.9609375,0.9961938858032227,0.8894230723381042,0.8821113705635071
-5940014732918180759,12945034,2106.68212890625,1.0,0.9269831776618958,0.9274839758872986
-7763105195062212470,5452650,1393.81494140625,1.0,0.9283854365348816,0.9270833134651184
1630434258801121682,12945034,2101.30712890625,1.0,0.938401460647583,0.9367988705635071
7628929893593240496,12071306,1800.64990234375,0.9998998641967773,0.9161658883094788,0.9085536599159241
-2585759556907298121,12071306,1810.361083984375,1.0,0.9332932829856873,0.9296875
-7222257374285367955,49105546,5251.8828125,1.0,0.9381009340286255,0.9355969429016113
2856637498333124678,13381898,3066.758056640625,1.0,0.9457131624221802,0.9380007982254028
520388323918997006,5468787,1393.2919921875,0.9997996687889099,0.9114583134651184,0.9102563858032227
4876011337041710011,12508170,1956.43603515625,1.0,0.9297876358032227,0.9255809187889099
623683994048722363,5464164,1407.805908203125,1.0,0.9231770634651184,0.9126602411270142
-3777026757436499794,12945034,2098.39990234375,1.0,0.9172676205635071,0.9157652258872986
-716918494547014307,49105546,5223.98828125,1.0,0.9132612347602844,0.9090544581413269
-9013228240543432668,5755750,1558.662109375,1.0,0.9289863705635071,0.9275841116905212
-8253374020780453000,12508170,1930.7449951171875,1.0,0.922776460647583,0.9160656929016113
4075909094071071263,49105546,5261.703125,1.0,0.9382011294364929,0.9331930875778198
-3230518829683667364,49105546,5317.64892578125,1.0,0.9182692170143127,0.9119591116905212
6293994468655567117,49105546,5301.306640625,1.0,0.9249799847602844,0.9207732081413269
-1523143341387177068,6324056,1872.029052734375,1.0,0.9400039911270142,0.9364984035491943
3812413874248329925,12071306,1831.8369140625,0.9991987347602844,0.8986378312110901,0.8908253312110901
8487223431608396867,12945034,2898.89013671875,1.0,0.93359375,0.9277844429016113
3042746223379637897,12945034,2085.85986328125,1.0,0.9413061141967773,0.936598539352417
-2919732623879333604,5767264,1570.2869873046875,1.0,0.92578125,0.924879789352417
5121141000182182807,49105546,5278.45703125,1.0,0.9183694124221802,0.9104567170143127
669935322293582679,5452650,1415.488037109375,1.0,0.9269831776618958,0.9259815812110901
-688284645634272522,12071306,1819.261962890625,1.0,0.9293870329856873,0.9196714758872986
8501369039756777256,3137034,926.9520263671875,1.0,0.9232772588729858,0.9169671535491943
6234177301719445969,13381898,3068.84912109375,1.0,0.942307710647583,0.9349960088729858
7504721572212023582,6034146,1716.5050048828125,1.0,0.9398036599159241,0.9325921535491943
6867901464572654958,5758697,1559.071044921875,1.0,0.9208734035491943,0.9192708134651184
2774112220999064885,13818762,3248.05908203125,1.0,0.9410055875778198,0.9354968070983887
-676474277054310933,12508170,1955.7750244140625,0.9998998641967773,0.9247796535491943,0.9199719429016113
-2060818303792003711,49105546,5208.126953125,1.0,0.9144631624221802,0.9079527258872986
-5984297906937480771,49979274,5509.6748046875,1.0,0.9313902258872986,0.9339944124221802
2387124337568047218,5755750,1564.464111328125,1.0,0.9350961446762085,0.9286859035491943
-2455446485439795030,12945034,2111.16796875,1.0,0.938401460647583,0.9342948794364929
-7012838458645116575,6050929,1715.5150146484375,1.0,0.9357972741127014,0.9315905570983887
-5971511207663278499,48231818,5138.236328125,0.9998998641967773,0.9090544581413269,0.8960336446762085
2135143103096959971,12945034,2100.945068359375,1.0,0.9363982081413269,0.9338942170143127
-4128005842580638408,12508170,1954.9599609375,1.0,0.9233773946762085,0.9242788553237915
-883865111267687477,5742560,1564.697021484375,1.0,0.9342948794364929,0.9314903616905212
-3960654026205580772,12945034,2090.6640625,0.9992988705635071,0.9020432829856873,0.8962339758872986
-4357121143757888944,12071306,1777.06689453125,1.0,0.9313902258872986,0.930588960647583
-5290925396593706117,5767264,1575.885986328125,1.0,0.9317908883094788,0.9316906929016113
-6939081135839694179,5770211,1572.5989990234375,1.0,0.9339944124221802,0.9273838400840759
8742937459437591132,12508170,1967.2760009765625,0.9998998641967773,0.9164663553237915,0.9087539911270142
914717659783313884,49979274,5464.595703125,1.0,0.9440104365348816,0.9380007982254028
4505906497505620234,3137034,923.948974609375,0.9996995329856873,0.9115585088729858,0.9085536599159241
5194206487820208152,49105546,5183.576171875,1.0,0.9411057829856873,0.934495210647583
3873480533547352115,5475678,1409.136962890625,0.9998998641967773,0.9072515964508057,0.9040464758872986
-5469779624011931005,6045660,1725.364990234375,1.0,0.9370993375778198,0.9334936141967773
-3585862864586905756,6629478,2852.675048828125,1.0,0.9388020634651184,0.9317908883094788
474349974493308449,5758697,1587.0989990234375,1.0,0.9312900900840759,0.9312900900840759
-4718469471455094643,12071306,1818.4609375,0.9996995329856873,0.9015424847602844,0.893629789352417
4272377919114130790,12508170,1932.635986328125,1.0,0.9285857081413269,0.9246794581413269
1744499049956455631,12508170,1926.458984375,0.9997996687889099,0.9195713400840759,0.9136618375778198
-5581392128490399087,13381898,3061.429931640625,1.0,0.9434094429016113,0.9302884340286255
8955799587848562301,13381898,3116.2041015625,1.0,0.9396033883094788,0.9350961446762085
4457778750143246016,6034146,1676.7779541015625,1.0,0.9422075152397156,0.9345953464508057
-8855651639013476420,49105546,5194.68212890625,1.0,0.9386017918586731,0.9347956776618958
-1931539331312156993,49105546,5224.3818359375,1.0,0.9264823794364929,0.9260817170143127
7431991220683948413,48231818,4984.77099609375,1.0,0.9343950152397156,0.9271835088729858
-8274806749687685015,49105546,5223.3701171875,1.0,0.9229767918586731,0.9187700152397156
-1408821200431278094,12508170,1955.8909912109375,1.0,0.9098557829856873,0.9013421535491943
-1964718116872213460,12508170,1989.966064453125,1.0,0.9291867017745972,0.9244791865348816
3221819638378254566,48231818,4905.8095703125,0.9996995329856873,0.9109575152397156,0.9033453464508057
-7012225416254245621,49105546,5203.35595703125,1.0,0.9222756624221802,0.921875
6378665469502559963,48231818,4871.673828125,0.9998998641967773,0.9202724099159241,0.9167668223381042
-3806495707574951383,12071306,1793.552978515625,0.9970953464508057,0.8883213400840759,0.8787059187889099
1310256645933187205,12508170,1950.5469970703125,1.0,0.9253805875778198,0.9242788553237915
-3918811050222860307,48231818,4955.48095703125,0.9994992017745972,0.9001402258872986,0.8957331776618958
7021777957934112883,12071306,1796.153076171875,0.9998998641967773,0.9128605723381042,0.9058493375778198
4201816748602638846,12945034,2098.23779296875,1.0,0.9416065812110901,0.9357972741127014
5719373092668697431,12508170,1965.4930419921875,1.0,0.9387019276618958,0.9363982081413269
2977119578565258590,5468787,1406.64794921875,0.9998998641967773,0.9091546535491943,0.9008413553237915
-4604377283856268881,49105546,5215.166015625,1.0,0.8984375,0.8925280570983887
9012512187103453465,5771887,1592.090087890625,1.0,0.9304887652397156,0.924879789352417
3972543486137723380,48231818,4951.27490234375,1.0,0.9229767918586731,0.9186698794364929
6604294372230689839,12508170,1962.05908203125,1.0,0.9296875,0.9262820482254028
2911232815397635318,5758697,1571.5589599609375,1.0,0.926682710647583,0.9271835088729858
-3131832154282360142,12071306,1810.833984375,0.9984976053237915,0.8920272588729858,0.8850160241127014
-1267623926566310699,12508170,1958.425048828125,0.9998998641967773,0.9067507982254028,0.8925280570983887
6890043941580035136,5452650,1410.798095703125,0.9998998641967773,0.9164663553237915,0.9117588400840759
-4952402235206181587,12945034,2114.43408203125,1.0,0.9280849099159241,0.9222756624221802
7542191264413645189,47358090,4710.859375,0.9992988705635071,0.8962339758872986,0.8913261294364929
7022372271967945549,49979274,5470.283203125,1.0,0.9450120329856873,0.9396033883094788
-3939474908962274299,12508170,1949.845947265625,1.0,0.9291867017745972,0.9226762652397156
5305906235335626870,6907874,3022.208984375,1.0,0.9393028616905212,0.9327924847602844
-3111173107907481330,13381898,2251.10302734375,1.0,0.9399038553237915,0.9343950152397156
-2678870252789908497,5758697,1584.26708984375,1.0,0.9328926205635071,0.9278846383094788
-2565807341562321398,12508170,1954.93701171875,1.0,0.9324919581413269,0.9279847741127014
6503363474690337198,12945034,2084.35693359375,1.0,0.9403044581413269,0.9387019276618958
-5852993463375114402,49105546,5187.18896484375,1.0,0.9309895634651184,0.9253805875778198
-4517573825624437521,12945034,2877.01220703125,1.0,0.9380007982254028,0.9289863705635071
-7331553558616100811,12945034,2125.240966796875,1.0,0.932692289352417,0.9307892918586731
-105857591608922261,12945034,2098.905029296875,1.0,0.9240785241127014,0.9210737347602844
-5507687707030116209,12945034,2878.364990234375,1.0,0.9291867017745972,0.918870210647583
2505368757056393353,47358090,4709.30078125,0.9989984035491943,0.8948317170143127,0.8869190812110901
-3951441987379787512,6032470,1714.532958984375,1.0,0.9400039911270142,0.9333934187889099
-1954061010200598536,13381898,2241.419921875,1.0,0.936598539352417,0.9371995329856873
-4639599513349143800,49105546,5242.583984375,1.0,0.9398036599159241,0.9334936141967773
-5326655471188431087,12508170,1939.1829833984375,1.0,0.9244791865348816,0.9217748641967773
-8472206930702996964,12071306,1836.591064453125,1.0,0.9125601053237915,0.9105569124221802
5505662103100589543,5760373,1547.8280029296875,1.0,0.9215745329856873,0.9211738705635071
-700015092684093679,5468787,1389.2509765625,0.9985977411270142,0.9029446840286255,0.8940304517745972
5124772491478688576,12945034,2093.218994140625,1.0,0.9340945482254028,0.928786039352417
197054767498263120,49105546,5139.18115234375,1.0,0.9425080418586731,0.9390023946762085
-2470399435436167588,6337892,2683.531982421875,1.0,0.9364984035491943,0.9292868375778198
-242351543134463375,12071306,1805.39404296875,1.0,0.9264823794364929,0.9240785241127014
8946856479757938500,49105546,5132.8037109375,1.0,0.9418069124221802,0.9350961446762085
3373336290223881197,6047336,1736.678955078125,1.0,0.9415063858032227,0.9356971383094788
7396057547533895290,5767264,1575.3499755859375,1.0,0.9296875,0.9261819124221802
508582621092522185,5767264,1575.3900146484375,1.0,0.9301882982254028,0.9249799847602844
8141314087280306046,12071306,1779.1640625,0.9995993375778198,0.8992387652397156,0.8903245329856873
-7487331800306178545,48231818,5128.7060546875,0.9926882982254028,0.8724960088729858,0.8640825152397156
7111250432462113978,12945034,2938.39892578125,1.0,0.9254807829856873,0.9219751358032227
6434124617133628814,12508170,1967.9539794921875,1.0,0.9368990659713745,0.9343950152397156
3115744938863637838,12508170,1932.426025390625,1.0,0.9410055875778198,0.9308894276618958
4133388617738166066,12945034,2111.6728515625,1.0,0.9331930875778198,0.9339944124221802
5507083332406148499,12508170,1931.1209716796875,1.0,0.9347956776618958,0.9313902258872986
-3964553223449180603,12945034,2082.02392578125,1.0,0.9376001358032227,0.9346955418586731
8139749788367024521,5468787,1427.79296875,0.9996995329856873,0.905348539352417,0.9010416865348816
-1241403494272426048,12945034,2075.373046875,1.0,0.9368990659713745,0.9303886294364929
4257845542770439657,6616288,2854.27197265625,1.0,0.9312900900840759,0.9246794581413269
267410825459793662,47358090,4698.2939453125,0.9985977411270142,0.8818109035491943,0.8757011294364929
-2483732326297737478,13381898,3066.2177734375,1.0,0.9412059187889099,0.9361979365348816
2564704504437149716,12508170,1926.844970703125,0.9997996687889099,0.9017428159713745,0.8942307829856873
1709654156224370303,13818762,3252.455078125,1.0,0.9436097741127014,0.9358974099159241
655361723535919618,48231818,5085.8818359375,1.0,0.9141626358032227,0.9069511294364929
1143713080486871433,48231818,5072.02392578125,0.9994992017745972,0.8947315812110901,0.8829126358032227
422614944681628414,5758697,1544.240966796875,1.0,0.9277844429016113,0.9251803159713745
620324294064846381,5452650,1406.39599609375,1.0,0.9301882982254028,0.9220753312110901
4011398640696628229,12071306,1804.56396484375,1.0,0.9310897588729858,0.926682710647583
3742663936971814151,49979274,5387.890625,1.0,0.9380007982254028,0.936598539352417
4810927503434861477,47358090,4702.798828125,0.9997996687889099,0.905348539352417,0.9027444124221802
3723295036103910692,5468787,1428.591064453125,1.0,0.9086538553237915,0.9045472741127014
861524025004144926,5742560,1564.2080078125,0.9998998641967773,0.9300881624221802,0.9247796535491943
-3736091096324859780,48231818,4961.26708984375,1.0,0.9171674847602844,0.9093549847602844
-6374583205744401250,3137034,933.2059936523438,0.9996995329856873,0.9102563858032227,0.9099559187889099
7662801098209406051,5744236,1573.802978515625,1.0,0.9360977411270142,0.9278846383094788
2436356737079525936,12945034,2091.47607421875,1.0,0.9359976053237915,0.9292868375778198
8867086764457416558,47358090,4835.2900390625,0.9946914911270142,0.8847155570983887,0.8741987347602844
8530278300953532838,5755750,1581.175048828125,1.0,0.9380007982254028,0.928786039352417
4229909125672944217,12945034,2102.284912109375,1.0,0.9375,0.9321914911270142
-6101186424085936703,6342515,2675.700927734375,1.0,0.9364984035491943,0.9290865659713745
-3242159963017885725,12071306,1788.343017578125,1.0,0.9358974099159241,0.9278846383094788
6341399077067875740,5755750,1573.865966796875,0.9998998641967773,0.9314903616905212,0.9300881624221802
7239273925889758532,48231818,4939.34765625,1.0,0.9451121687889099,0.9333934187889099
4094786835420936564,49979274,5467.22802734375,1.0,0.9421073794364929,0.9339944124221802
-7753993643875162877,49105546,5346.3779296875,0.9998998641967773,0.9046474099159241,0.8931289911270142
-1196584326541063594,6034146,1716.135986328125,1.0,0.9389022588729858,0.9377003312110901
-7388832891644001350,49105546,5334.7900390625,1.0,0.9230769276618958,0.9238781929016113
8938405615912940191,12945034,2125.10400390625,1.0,0.9284855723381042,0.9294871687889099
-8846699375557636558,12071306,1776.22802734375,0.9986979365348816,0.8949319124221802,0.8851161599159241
2835182729153191084,49105546,5213.2109375,1.0,0.9206730723381042,0.9136618375778198
-5261322456158987604,12071306,1812.16796875,0.9995993375778198,0.9043469429016113,0.8965344429016113
-4867695854582504580,6354029,2682.4130859375,1.0,0.9289863705635071,0.9241786599159241
-5316714189964765864,12508170,1950.7860107421875,1.0,0.9220753312110901,0.9160656929016113
-4165787104467918203,49105546,5171.943359375,0.9995993375778198,0.901442289352417,0.8917267918586731
786253981480746466,49105546,5338.25390625,0.9998998641967773,0.9167668223381042,0.9118589758872986
-5391050448826248522,49979274,5508.20703125,1.0,0.9332932829856873,0.9320913553237915
-313275887965146292,49105546,5223.669921875,1.0,0.9203726053237915,0.9171674847602844
1746615955310318273,5771887,1572.60400390625,1.0,0.9180688858032227,0.9120593070983887
-8852285640783508222,49105546,5296.076171875,1.0,0.9253805875778198,0.9206730723381042
2326629059758218824,12508170,1979.0570068359375,0.9998998641967773,0.9247796535491943,0.920973539352417
-3176130909956480875,48231818,5137.3447265625,1.0,0.9146634340286255,0.9103565812110901
4662996268119515063,12508170,1934.10400390625,1.0,0.9303886294364929,0.9234775900840759
-7331676266836967037,49105546,5157.1748046875,0.9998998641967773,0.9116586446762085,0.9055488705635071
-1179352747963694784,48231818,4973.1103515625,1.0,0.9379006624221802,0.9321914911270142
-1330844796711279563,49105546,5288.8330078125,1.0,0.9109575152397156,0.9056490659713745
-5564324050905702866,12945034,2105.19091796875,1.0,0.9320913553237915,0.9288862347602844
-1648398262323184580,12508170,1958.9239501953125,1.0,0.921875,0.9183694124221802
6500058767553031671,48231818,5080.68896484375,1.0,0.9213742017745972,0.9093549847602844
991114846304982014,48231818,4893.921875,1.0,0.9372996687889099,0.9321914911270142
8134302816987575001,5754074,1558.93798828125,1.0,0.9321914911270142,0.9308894276618958
614539226566967622,5761019,1567.2349853515625,0.9991987347602844,0.9096554517745972,0.8972355723381042
-2706237525665072419,12508170,1963.660888671875,1.0,0.9178686141967773,0.9169671535491943
-4428810909423592115,12071306,1826.35498046875,0.9991987347602844,0.8931289911270142,0.8913261294364929
1186184564054796190,6045660,1717.4539794921875,1.0,0.9388020634651184,0.9362980723381042
7324786075694589950,12508170,1971.571044921875,1.0,0.9256811141967773,0.920973539352417
5899623878337927177,12508170,1925.48193359375,1.0,0.9345953464508057,0.9321914911270142
6539087014304168023,12508170,1968.58203125,1.0,0.9339944124221802,0.9306890964508057
2413846877344120433,12508170,1990.4010009765625,1.0,0.91796875,0.9156650900840759
480552650361480366,49105546,5116.583984375,0.9998998641967773,0.920973539352417,0.9192708134651184
-7932995513179052135,49979274,5515.490234375,1.0,0.9327924847602844,0.9240785241127014
2826426503160293119,12071306,1801.532958984375,0.9998998641967773,0.9167668223381042,0.9076522588729858
1075834507589017571,6034146,1737.029052734375,1.0,0.940504789352417,0.9387019276618958
1673165797698451612,49105546,5118.0712890625,1.0,0.9206730723381042,0.9109575152397156
1376320954451144665,12508170,1916.7919921875,1.0,0.9274839758872986,0.9239783883094788
-4787746996816126423,5771887,1583.553955078125,0.9997996687889099,0.9198718070983887,0.9123597741127014
4291502747181383259,5761019,1590.447021484375,1.0,0.9241786599159241,0.9214743375778198
4956015776609526798,47358090,4889.1142578125,0.9996995329856873,0.9020432829856873,0.8898237347602844
6672648844069888726,12508170,1967.7149658203125,1.0,0.9322916865348816,0.9308894276618958
-457795848996263991,12508170,1954.472900390625,0.9998998641967773,0.9341946840286255,0.9323918223381042
-6253341337619874082,5755750,1565.1109619140625,1.0,0.9331930875778198,0.9291867017745972
3758453919655354595,5755750,1583.75,1.0,0.9309895634651184,0.9316906929016113
8748166214214292950,5771887,1575.325927734375,1.0,0.9244791865348816,0.9203726053237915
444800060117139668,48231818,4910.0888671875,1.0,0.9203726053237915,0.9153645634651184
5344077906241483437,6048607,1733.89697265625,1.0,0.9358974099159241,0.9310897588729858
8252499341765117893,12071306,1814.68701171875,1.0,0.9318910241127014,0.9231770634651184
-9161545631471287416,5742560,1552.111083984375,1.0,0.9328926205635071,0.9290865659713745
-8248860481684958394,12945034,2096.76416015625,1.0,0.940504789352417,0.9382011294364929
3054876701755703746,13381898,3061.930908203125,1.0,0.9421073794364929,0.9325921535491943
6855653279427427089,12945034,2097.7861328125,1.0,0.9347956776618958,0.9336938858032227
-2781912943611754315,5767264,1565.8349609375,1.0,0.9318910241127014,0.9269831776618958
-7408834858520248888,12945034,2104.95703125,1.0,0.9420071840286255,0.9386017918586731
-4888018618287482805,49105546,5252.4931640625,1.0,0.8996394276618958,0.8966346383094788
8798295321979087373,49105546,5337.18798828125,1.0,0.9323918223381042,0.9264823794364929
498792324439603216,12508170,1958.998046875,1.0,0.9234775900840759,0.9236778616905212
3749267227222067863,12071306,1835.60595703125,1.0,0.9172676205635071,0.9156650900840759
-7474398264598237014,12945034,2100.23193359375,1.0,0.9339944124221802,0.9377003312110901
8302378380027754085,5742560,1554.02099609375,1.0,0.934495210647583,0.9308894276618958
-5612263118077519035,49105546,5332.8681640625,1.0,0.9276843070983887,0.9212740659713745
-6717283519528637608,12508170,1940.27294921875,0.9998998641967773,0.9192708134651184,0.9140625
6746024718786707252,12945034,2104.31591796875,1.0,0.9375,0.9379006624221802
1003787380793422346,6045660,1716.1510009765625,1.0,0.9363982081413269,0.9339944124221802
-5428739051685129905,12508170,1932.81201171875,1.0,0.9182692170143127,0.9108573794364929
-3933430963004543368,13381898,2240.904052734375,1.0,0.9415063858032227,0.9402043223381042
-7024772295818808649,49105546,5095.23095703125,1.0,0.9358974099159241,0.9306890964508057
-6936163241968768689,12945034,2881.82177734375,1.0,0.9382011294364929,0.9309895634651184
-1009079107615543706,3137034,923.407958984375,0.9998998641967773,0.9242788553237915,0.9142628312110901
8390853544417800118,5767264,1571.925048828125,1.0,0.9255809187889099,0.9226762652397156
8968390476312402272,12071306,1802.384033203125,0.9998998641967773,0.9140625,0.9070512652397156
-3510184214819776807,12508170,1956.2960205078125,1.0,0.9393028616905212,0.9310897588729858
5573829999627366880,6045660,1719.373046875,1.0,0.9358974099159241,0.9325921535491943
3238611304929751900,12945034,2098.85693359375,1.0,0.9421073794364929,0.9418069124221802
7510806014575458328,49105546,5171.81298828125,1.0,0.9295873641967773,0.9254807829856873
1516856623277174471,49105546,5262.306640625,1.0,0.9253805875778198,0.9225761294364929
5131073999025684627,12945034,2099.363037109375,1.0,0.9349960088729858,0.9333934187889099
4628669264706029244,12508170,1961.906005859375,1.0,0.9238781929016113,0.9172676205635071
7208075210137178165,13381898,3059.203125,1.0,0.9364984035491943,0.9306890964508057
-3937954907885747638,5755750,1572.0450439453125,1.0,0.9339944124221802,0.9291867017745972
-2675679367350654019,5758697,1576.5009765625,1.0,0.9189703464508057,0.9145632982254028
6689168136645419701,12508170,1982.10693359375,0.9998998641967773,0.9139623641967773,0.9093549847602844
8383833091110662793,49105546,5290.994140625,1.0,0.9269831776618958,0.9178686141967773
9152246047116644134,12945034,2093.593017578125,0.9998998641967773,0.9382011294364929,0.9362980723381042
-1287847776800712239,6342515,2677.68212890625,1.0,0.9310897588729858,0.9233773946762085
8248605495185617568,12945034,2109.052001953125,1.0,0.9304887652397156,0.9289863705635071
7690339669289729672,49979274,5334.52490234375,1.0,0.9437099099159241,0.9352964758872986
4175637181628229526,12508170,1964.241943359375,1.0,0.9360977411270142,0.9332932829856873
214561398661728785,47358090,4759.626953125,0.9997996687889099,0.9132612347602844,0.9095553159713745
-2301153991258088285,12508170,1952.919921875,1.0,0.9350961446762085,0.9373998641967773
-6740433423653389095,6324056,1876.166015625,1.0,0.9415063858032227,0.9340945482254028
-5674432447143696852,12071306,1831.011962890625,0.9996995329856873,0.9082531929016113,0.9054487347602844
5541749872234901165,48231818,5134.0419921875,0.9998998641967773,0.8908253312110901,0.8910256624221802
-3799864518440273329,12508170,1964.322021484375,1.0,0.9340945482254028,0.9300881624221802
-7481913639061138574,12508170,1952.991943359375,0.9997996687889099,0.9168669581413269,0.9124599099159241
-6382605769219020599,3137034,934.4969482421875,1.0,0.9199719429016113,0.9138621687889099
-5416048085701625594,49105546,5287.8232421875,1.0,0.9256811141967773,0.9210737347602844
2846511822840703226,48231818,5110.720703125,0.9998998641967773,0.9182692170143127,0.9103565812110901
4548884550664637984,12945034,2089.19580078125,1.0,0.9334936141967773,0.9324919581413269
888443791313320086,48231818,4907.2177734375,0.9997996687889099,0.9121594429016113,0.9075520634651184
6475645229083408598,12945034,2102.8701171875,1.0,0.9363982081413269,0.9339944124221802
5846859868697936091,6337892,2685.112060546875,1.0,0.9328926205635071,0.9292868375778198
681075558881482491,5754074,1569.49609375,1.0,0.9324919581413269,0.9259815812110901
-5798125302599826176,49105546,5129.8427734375,1.0,0.9455128312110901,0.9390023946762085
7130988811277283086,49105546,5206.3427734375,1.0,0.9387019276618958,0.9315905570983887
-2221901674025975331,48231818,4905.1416015625,0.9978966116905212,0.8830128312110901,0.8682892918586731
2375917654764522830,13381898,2257.919921875,1.0,0.9355969429016113,0.9313902258872986
-8242910108687861717,13381898,3128.14208984375,1.0,0.9379006624221802,0.9325921535491943
-3256314902381069442,48231818,5022.740234375,1.0,0.9373998641967773,0.9303886294364929
692354820271256543,12945034,2099.8759765625,1.0,0.9378004670143127,0.9320913553237915
-8495534481756189948,5484924,1415.875,0.9991987347602844,0.9043469429016113,0.8980368375778198
-9160291100713579120,12508170,1927.985107421875,1.0,0.9336938858032227,0.9298878312110901
-5443507242659141021,12508170,1950.4210205078125,1.0,0.9319911599159241,0.9268830418586731
-7220753762482401819,48231818,4987.6357421875,1.0,0.9172676205635071,0.9185696840286255
5652284537248112957,12071306,1816.7030029296875,0.9998998641967773,0.9161658883094788,0.9098557829856873
-1639983058463974254,13381898,3067.79296875,1.0,0.9369992017745972,0.9334936141967773
2416147024853246664,6354029,2684.08984375,1.0,0.9332932829856873,0.9255809187889099
-5634443595859137636,5742560,1559.25390625,1.0,0.9318910241127014,0.9327924847602844
6531468019380848241,49105546,5187.544921875,1.0,0.9377003312110901,0.9343950152397156
-5410350890766949794,5771887,1577.633056640625,1.0,0.9236778616905212,0.9228765964508057
-2624228891871350474,12508170,1951.7529296875,0.9998998641967773,0.9183694124221802,0.9145632982254028
-9048923772818622331,5468787,1414.23291015625,0.9997996687889099,0.9126602411270142,0.9060496687889099
-2790677102456856291,49105546,5295.72216796875,1.0,0.9243789911270142,0.9169671535491943
-6770650440188658104,5755750,1582.262939453125,1.0,0.9366987347602844,0.9340945482254028
-2820599975633803182,48231818,4954.6103515625,0.9981971383094788,0.8891226053237915,0.8845152258872986
7014593583397265302,12071306,1802.135009765625,0.9998998641967773,0.9103565812110901,0.9099559187889099
8896446909691888523,5758697,1557.0880126953125,1.0,0.9253805875778198,0.9217748641967773
-2592294224344117262,48231818,4905.7158203125,1.0,0.918870210647583,0.9155648946762085
-5098885147410296247,3355466,1053.8900146484375,1.0,0.9278846383094788,0.9224759340286255
361588397997023192,6034146,1725.0048828125,1.0,0.9438101053237915,0.9364984035491943
8852742210267807953,48231818,5041.06103515625,0.9994992017745972,0.8909254670143127,0.8860176205635071
2674294236056977338,5767264,1578.218017578125,0.9996995329856873,0.9226762652397156,0.9186698794364929
5231873087704841207,12945034,2096.614990234375,1.0,0.9372996687889099,0.9313902258872986
6929073866143117368,48231818,5066.8427734375,1.0,0.9144631624221802,0.9082531929016113
3576530166903626818,12071306,1839.2750244140625,0.9997996687889099,0.9136618375778198,0.9116586446762085
8850622353089198051,49105546,5146.28125,1.0,0.9437099099159241,0.9378004670143127
1014296018967528195,5755750,1568.4959716796875,1.0,0.9328926205635071,0.9298878312110901
-3106145805664655614,12508170,1943.7340087890625,1.0,0.9338942170143127,0.9314903616905212
-8393224103287893175,5468787,1411.531982421875,0.9984976053237915,0.8962339758872986,0.8843148946762085
3850503106188621656,5468787,1421.219970703125,0.9996995329856873,0.9121594429016113,0.9048477411270142
5268209952244552630,48231818,4991.9892578125,0.9998998641967773,0.9139623641967773,0.9064503312110901
5613411617823029635,5758697,1555.72900390625,1.0,0.9239783883094788,0.921875
8635257407086307646,12945034,2891.341796875,1.0,0.9403044581413269,0.93359375
-7647436271736044887,49105546,5134.8466796875,1.0,0.9153645634651184,0.9128605723381042
7528840964967910886,13381898,3116.2880859375,1.0,0.9360977411270142,0.9351963400840759
-642641429548890372,3137034,910.0540161132812,0.9987980723381042,0.8995392918586731,0.8904246687889099
541271955464865777,12945034,2099.5771484375,1.0,0.9238781929016113,0.9224759340286255
7905453502114127715,12508170,1961.094970703125,0.9998998641967773,0.9261819124221802,0.9226762652397156
-5545735095982166357,49105546,5130.0380859375,1.0,0.9422075152397156,0.9364984035491943
-5440307073346112308,12508170,1930.9310302734375,1.0,0.9144631624221802,0.9090544581413269
232020583257654898,12945034,2113.212890625,1.0,0.932692289352417,0.9294871687889099
5278579179777068132,5480301,1412.593017578125,0.9995993375778198,0.9073517918586731,0.8990384340286255
7552590949015349753,48231818,5068.4072265625,0.9998998641967773,0.8962339758872986,0.88671875
-1166998922320387626,48231818,5006.640625,0.9992988705635071,0.8907251358032227,0.8838140964508057
-3448079946468876118,3355466,1054.875,1.0,0.9297876358032227,0.9292868375778198
2668610443436132222,5755750,1566.6419677734375,1.0,0.9277844429016113,0.9282852411270142
-3607668567790417384,12508170,1953.470947265625,0.9998998641967773,0.9162660241127014,0.9176682829856873
1609180379784935097,13381898,3066.77099609375,1.0,0.9382011294364929,0.9354968070983887
-741061644346187235,12071306,1822.8709716796875,0.9927884340286255,0.8846153616905212,0.8706930875778198
4192718584550470128,6050283,1717.6409912109375,1.0,0.9285857081413269,0.9311898946762085
1888000076721056458,49105546,5336.15283203125,1.0,0.9235777258872986,0.9211738705635071
-1699902336207045017,12508170,1942.575927734375,1.0,0.9198718070983887,0.9158653616905212
-7533846497730039406,48231818,4914.7216796875,0.9985977411270142,0.8908253312110901,0.8841145634651184
-4424647467038617633,12945034,2083.302978515625,1.0,0.9235777258872986,0.9168669581413269
190211236237793035,47358090,4838.7021484375,1.0,0.9111578464508057,0.9096554517745972
3150021163667506036,48231818,5006.5771484375,0.9993990659713745,0.8966346383094788,0.8902243375778198
-5506978151508518037,49979274,5338.18408203125,1.0,0.9429086446762085,0.9408053159713745
7124227821178121739,6032470,1715.1220703125,1.0,0.9393028616905212,0.9388020634651184
-5267193192871831820,3137034,913.176025390625,0.9957932829856873,0.8950320482254028,0.8847155570983887
4005828781299176358,12945034,2886.968017578125,1.0,0.9442107081413269,0.934495210647583
-8737829738746457813,12508170,1957.3809814453125,1.0,0.9253805875778198,0.9226762652397156
-2882121639133917439,12508170,1960.4140625,0.9989984035491943,0.9064503312110901,0.8988381624221802
-3163155058931635956,49105546,5331.06982421875,1.0,0.9330929517745972,0.9339944124221802
5512883594636865091,13381898,3069.2939453125,1.0,0.9400039911270142,0.9380007982254028
1426674238291068419,5754074,1547.208984375,1.0,0.9342948794364929,0.930588960647583
-6330029519689772071,12508170,1963.885986328125,0.9998998641967773,0.9260817170143127,0.9240785241127014
-5752283843042161901,12945034,2111.281982421875,1.0,0.9380007982254028,0.9372996687889099
653172479551976033,5464164,1408.405029296875,1.0,0.9295873641967773,0.9285857081413269
200827326003038992,13381898,3067.14404296875,1.0,0.9295873641967773,0.9280849099159241
7069384086623783579,5758697,1555.43701171875,1.0,0.9203726053237915,0.9158653616905212
-2722894334501565317,5776510,1580.60791015625,1.0,0.9251803159713745,0.9231770634651184
-6612272834956593923,49979274,5400.68115234375,1.0,0.9345953464508057,0.9291867017745972
-4110305721255778842,6326378,2681.37109375,1.0,0.94140625,0.9312900900840759
-3926434711710834637,49105546,5142.5263671875,1.0,0.9367988705635071,0.9317908883094788
-8285823308168537347,47358090,4661.109375,0.9976963400840759,0.8762019276618958,0.866286039352417
3248602764926152116,12508170,1969.5670166015625,1.0,0.9317908883094788,0.9274839758872986
4918125315926872820,12945034,2111.2421875,1.0,0.940504789352417,0.934495210647583
-8651909830058795948,48231818,4993.369140625,0.9992988705635071,0.8917267918586731,0.885817289352417
-1340525748695198716,12508170,1971.2030029296875,1.0,0.9332932829856873,0.9285857081413269
-7303623462232313573,12508170,1955.4420166015625,1.0,0.9195713400840759,0.9151642918586731
95596313963272105,5758697,1564.282958984375,1.0,0.9303886294364929,0.9293870329856873
2095917328949901398,5758697,1546.819091796875,0.9998998641967773,0.9214743375778198,0.9197716116905212
4804870309140107496,12508170,1953.9619140625,1.0,0.9122596383094788,0.9102563858032227
7662771621640150038,48231818,4901.73583984375,0.9989984035491943,0.8856169581413269,0.8792067170143127
7327802348373939025,48231818,5110.7900390625,1.0,0.9159655570983887,0.9119591116905212
-7282571140780936567,49105546,5208.763671875,1.0,0.9332932829856873,0.9294871687889099
-2946345727605995024,5767264,1578.031982421875,0.9998998641967773,0.9318910241127014,0.92578125
-7253628359652117858,13381898,3077.426025390625,1.0,0.9369992017745972,0.9332932829856873
1744589592421828035,12071306,1782.427978515625,0.9997996687889099,0.9152644276618958,0.9108573794364929
-3506932450296041415,12071306,1808.7230224609375,0.9977964758872986,0.8893229365348816,0.8868188858032227
-2447646082603644645,12071306,1803.416015625,0.9996995329856873,0.9068509340286255,0.8994390964508057
7189613413474614532,13381898,3076.8671875,1.0,0.934495210647583,0.9298878312110901
-5281323253909126429,48231818,5123.6318359375,1.0,0.9135617017745972,0.9063501358032227
-6770686773775685855,13381898,3024.15283203125,1.0,0.9346955418586731,0.9253805875778198
-2474191913131901749,49105546,5340.56298828125,0.9997996687889099,0.8986378312110901,0.8924278616905212
-7451889346812572906,12508170,1968.908935546875,0.9995993375778198,0.91015625,0.8988381624221802
6242364627012813019,48231818,4989.4912109375,1.0,0.9124599099159241,0.9037460088729858
-2167410679133671857,6617964,2868.671875,1.0,0.940504789352417,0.9349960088729858
7849260233697720822,13381898,3067.112060546875,1.0,0.9373998641967773,0.9300881624221802
3226533732910709137,12508170,1957.529052734375,1.0,0.9288862347602844,0.92578125
5237271690929788587,5755750,1594.22900390625,1.0,0.936598539352417,0.9327924847602844
1820396230754821290,5755750,1571.9949951171875,1.0,0.9310897588729858,0.9280849099159241
-6657788875338323053,49105546,5218.302734375,1.0,0.9104567170143127,0.9069511294364929
8813561951582154225,12945034,2093.962890625,1.0,0.93359375,0.9262820482254028
-4140833498233496589,3137034,931.39697265625,1.0,0.9193710088729858,0.9158653616905212
-157478594880647320,3137034,920.3170166015625,0.9998998641967773,0.9259815812110901,0.9163661599159241
3956426346292091349,12508170,1951.31103515625,0.9996995329856873,0.9068509340286255,0.9026442170143127
3060460973490614029,3355466,1032.02392578125,1.0,0.9293870329856873,0.9225761294364929
8233548199744253921,5767264,1569.486083984375,1.0,0.9315905570983887,0.9245793223381042
-4752648961414684913,5480301,1423.9619140625,0.9998998641967773,0.9129607081413269,0.9102563858032227
-19004025051596814,3573898,1165.365966796875,1.0,0.9334936141967773,0.9291867017745972
2423260533037609011,12945034,2095.4931640625,1.0,0.9376001358032227,0.9353966116905212
2614249495043905083,12071306,1774.8330078125,1.0,0.9147636294364929,0.9109575152397156
159400722778246851,48231818,4941.1171875,0.9997996687889099,0.90234375,0.8983373641967773
4733874223358263418,12071306,1812.637939453125,1.0,0.9133613705635071,0.9084535241127014
9013938677064669589,13381898,3129.68896484375,1.0,0.9402043223381042,0.9341946840286255
-7403567562918807403,12508170,1985.700927734375,1.0,0.9212740659713745,0.9195713400840759
-40556590850475324,12945034,2102.033203125,1.0,0.9398036599159241,0.9336938858032227
6967668618597203260,13381898,3067.4140625,1.0,0.940504789352417,0.9369992017745972
5645930499620746823,12508170,1965.8089599609375,1.0,0.921875,0.9135617017745972
-8357002305926868725,47358090,4826.9697265625,0.9994992017745972,0.8946313858032227,0.8900240659713745
-3803608586198116297,12508170,1965.9620361328125,1.0,0.9148637652397156,0.9102563858032227
-8008569906303065385,12945034,2102.467041015625,0.9998998641967773,0.9355969429016113,0.9336938858032227
159733456343630762,6640992,2859.05078125,1.0,0.9416065812110901,0.9362980723381042
-4274665868176769883,5484924,1426.320068359375,0.9984976053237915,0.899338960647583,0.8969351053237915
8844182412405676945,12945034,2086.712890625,1.0,0.9260817170143127,0.9276843070983887
-6378993804645965630,5468787,1428.756103515625,0.9998998641967773,0.9141626358032227,0.9114583134651184
2649823312309816270,12945034,2120.31787109375,1.0,0.9270833134651184,0.9224759340286255
-403136415458970787,12508170,1954.635009765625,1.0,0.9313902258872986,0.9314903616905212
-7479887084134924663,5464164,1386.5889892578125,0.9998998641967773,0.9282852411270142,0.9229767918586731
3671529653308913913,12508170,1955.6090087890625,1.0,0.9286859035491943,0.9288862347602844
-4195563398728141236,6045660,1704.862060546875,1.0,0.9412059187889099,0.9340945482254028
801996398406228186,6057174,1717.180908203125,1.0,0.9348958134651184,0.9302884340286255
4723817699799427115,47358090,4652.64990234375,0.9989984035491943,0.8932291865348816,0.8811097741127014
-4993205284741598808,5758697,1543.0050048828125,1.0,0.9249799847602844,0.9246794581413269
8436720337665416663,12508170,1942.2919921875,1.0,0.9177684187889099,0.9087539911270142
235760246104398654,12945034,2095.115966796875,1.0,0.9386017918586731,0.9294871687889099
-1373587405390406103,12071306,1797.64697265625,0.9998998641967773,0.9114583134651184,0.9064503312110901
43644675061687342,49105546,5334.234375,1.0,0.9230769276618958,0.9198718070983887
7011512867929773493,5464164,1418.072021484375,1.0,0.9195713400840759,0.9124599099159241
-7629785677264848972,5484924,1420.5050048828125,0.9938902258872986,0.8939303159713745,0.8835136294364929
-8048421909243085502,5772533,1590.0458984375,1.0,0.9273838400840759,0.9259815812110901
5163528777035167993,12945034,2886.781982421875,1.0,0.9379006624221802,0.9324919581413269
2701073980320358086,6045660,1727.5419921875,1.0,0.9382011294364929,0.9330929517745972
-201915743089588563,48231818,4945.388671875,1.0,0.9044471383094788,0.9001402258872986
-9053473413217934647,12071306,1821.3310546875,1.0,0.9229767918586731,0.9144631624221802
9033146105349349749,5468787,1423.0059814453125,0.9997996687889099,0.9104567170143127,0.901442289352417
-8522736861738764361,6058850,1699.9940185546875,1.0,0.9299879670143127,0.9268830418586731
-4823796179493363337,5758697,1573.625,1.0,0.9249799847602844,0.9216746687889099
4425969540274751657,49105546,5285.18994140625,1.0,0.9226762652397156,0.9192708134651184
-7630550442236904101,12508170,1974.0889892578125,1.0,0.9279847741127014,0.9229767918586731
5963497186878267874,12945034,2074.48291015625,1.0,0.9358974099159241,0.9302884340286255
8049242761398232267,12945034,2110.2451171875,1.0,0.9291867017745972,0.9263821840286255
-9059757634315855106,48231818,5071.22900390625,0.9998998641967773,0.8997395634651184,0.8930288553237915
-935635135441890394,12945034,2110.5830078125,1.0,0.9392027258872986,0.9336938858032227
-837101519111840730,5755750,1577.597900390625,1.0,0.9303886294364929,0.9208734035491943
-2727142959527328304,12945034,2110.4228515625,1.0,0.9253805875778198,0.9219751358032227
-6124690253895799587,5452650,1421.990966796875,1.0,0.922776460647583,0.9183694124221802
5058138468094884861,12945034,2093.969970703125,1.0,0.932692289352417,0.9313902258872986
7186329771039237317,12071306,1795.10400390625,0.9997996687889099,0.9082531929016113,0.8967347741127014
3129326590301919424,12945034,2884.52392578125,1.0,0.9395031929016113,0.9329928159713745
3410257200272797139,12945034,2096.47998046875,0.9998998641967773,0.9235777258872986,0.9211738705635071
4541622494380759692,12071306,1823.1419677734375,1.0,0.9097555875778198,0.9019430875778198
7830919975670499982,12508170,1969.5030517578125,1.0,0.9387019276618958,0.9331930875778198
-879784711242677354,12945034,2087.239013671875,1.0,0.9354968070983887,0.9351963400840759
-6399729369818703038,12945034,2881.7490234375,1.0,0.9367988705635071,0.9279847741127014
6643187963631562727,12945034,2095.865966796875,1.0,0.93359375,0.9324919581413269
-8462019422222525906,12071306,1824.830078125,0.9993990659713745,0.8890224099159241,0.8817107081413269
8560799630123201199,49979274,5385.634765625,1.0,0.9096554517745972,0.9035456776618958
-7677040091864788489,12508170,1969.0400390625,1.0,0.9279847741127014,0.9281851053237915
5366230321696697696,49979274,5329.4912109375,1.0,0.9472155570983887,0.9401041865348816
8505488206180133854,49979274,5524.806640625,1.0,0.9226762652397156,0.9129607081413269
3143592545134986024,48231818,5142.18310546875,1.0,0.9020432829856873,0.8966346383094788
-1971967148962852722,12945034,2105.53515625,0.9998998641967773,0.9273838400840759,0.9208734035491943
8766125951986935538,5480301,1426.708984375,0.9992988705635071,0.9010416865348816,0.8935296535491943
-5214694923942336665,5480301,1411.261962890625,0.9992988705635071,0.901442289352417,0.8939303159713745
-4382035645525711676,49105546,5221.9638671875,0.9997996687889099,0.9064503312110901,0.8970352411270142
-4979857811829496577,5464164,1411.1810302734375,1.0,0.9202724099159241,0.9166666865348816
2475184942024107887,5464164,1400.673095703125,1.0,0.9198718070983887,0.9160656929016113
-5656800402702607345,49105546,5145.4609375,1.0,0.9407051205635071,0.9358974099159241
7181219545438769751,48231818,5072.8408203125,0.9997996687889099,0.9241786599159241,0.913161039352417
7716478808299111496,12945034,2118.6171875,1.0,0.9323918223381042,0.9295873641967773
-6944320974248480632,12508170,1925.5859375,1.0,0.9354968070983887,0.9322916865348816
-9173139583203455912,47358090,4926.10302734375,0.9998998641967773,0.8965344429016113,0.8941305875778198
8256654856032677475,12071306,1804.3609619140625,0.9992988705635071,0.9004406929016113,0.8919270634651184
-5049659827712087063,5772533,1575.303955078125,1.0,0.9206730723381042,0.9134615659713745
2934503897461160849,12508170,1972.909912109375,0.9996995329856873,0.9020432829856873,0.8991386294364929
4250206405378867674,49105546,5307.0986328125,1.0,0.9232772588729858,0.9223757982254028
-2020331363563588006,12071306,1808.39599609375,0.9996995329856873,0.9076522588729858,0.9047476053237915
733690521378411862,6058850,1725.68505859375,1.0,0.9339944124221802,0.9343950152397156
8284975132402113286,12945034,2098.64111328125,1.0,0.930588960647583,0.9241786599159241
-3621436842730319526,12508170,1960.178955078125,1.0,0.9383012652397156,0.9361979365348816
7856439493116396475,48231818,4991.787109375,1.0,0.9260817170143127,0.9194711446762085
6073021285898002993,49979274,5378.9990234375,1.0,0.934495210647583,0.9360977411270142
5313020340167340529,48231818,4998.77685546875,1.0,0.9111578464508057,0.9068509340286255
498415041325520826,12508170,1987.81103515625,1.0,0.9281851053237915,0.9271835088729858
-5108003891505666329,49105546,5256.3271484375,0.9993990659713745,0.899338960647583,0.8916265964508057
6117105092884649825,49105546,5237.3349609375,1.0,0.9350961446762085,0.9328926205635071
-4646408972530087432,12508170,1957.2958984375,0.9998998641967773,0.9146634340286255,0.913161039352417
-8192764896713058662,49105546,5254.599609375,1.0,0.9312900900840759,0.9263821840286255
8945501070039283810,48231818,5563.1708984375,0.9986979365348816,0.8834134340286255,0.8734976053237915
-1039291998031530083,12508170,1956.2340087890625,1.0,0.9375,0.936598539352417
-496559385779111511,48231818,4991.8310546875,0.9997996687889099,0.9005408883094788,0.9010416865348816
5519451434833722945,12508170,1956.572021484375,0.9995993375778198,0.9015424847602844,0.8966346383094788
3035612391422917828,48231818,5089.02978515625,0.9998998641967773,0.8996394276618958,0.8916265964508057
-7903558353934585386,48231818,4907.3466796875,1.0,0.9295873641967773,0.9247796535491943
-752260270998556422,12945034,2097.56201171875,1.0,0.9367988705635071,0.9272836446762085
-2679587447841157848,49105546,5190.43798828125,1.0,0.9298878312110901,0.918870210647583
-363250665863820276,49979274,5346.2890625,1.0,0.9453125,0.9419070482254028
1718327307768692416,12071306,1822.760986328125,1.0,0.9045472741127014,0.9009414911270142
-1333209650342619931,12071306,1813.1199951171875,0.9992988705635071,0.8938301205635071,0.8899238705635071
-1146618965431976607,12508170,1956.4609375,1.0,0.9392027258872986,0.9339944124221802
-6234008836312164049,12508170,1972.7900390625,1.0,0.9376001358032227,0.9385015964508057
9114526229658523981,48231818,5088.2177734375,0.999098539352417,0.8933293223381042,0.8806089758872986
3272058192842884334,12508170,1942.697021484375,1.0,0.932692289352417,0.9297876358032227
8489621857410129292,49979274,5340.115234375,1.0,0.9408053159713745,0.934495210647583
-5286192719774885684,12071306,1801.7130126953125,1.0,0.9230769276618958,0.9224759340286255
287709644575697097,48231818,5030.0517578125,0.9998998641967773,0.9114583134651184,0.9049479365348816
3210727791164126146,12945034,2120.81201171875,1.0,0.9381009340286255,0.9338942170143127
6289208626845030166,48231818,4959.2880859375,1.0,0.9208734035491943,0.9152644276618958
3559081323583138070,12071306,1813.9130859375,1.0,0.9183694124221802,0.9099559187889099
-1383723783292723167,12945034,2126.86083984375,1.0,0.9343950152397156,0.9360977411270142
-7419183541092481295,12508170,1962.2900390625,1.0,0.9348958134651184,0.9310897588729858
-749963054854627584,49979274,5522.18359375,1.0,0.9323918223381042,0.9290865659713745
5717836902270537630,5744236,1579.385986328125,1.0,0.9395031929016113,0.9339944124221802
-153008522167801964,47358090,4754.2041015625,0.9934895634651184,0.8706930875778198,0.8682892918586731
5127566494858732064,13381898,3022.344970703125,1.0,0.9401041865348816,0.9299879670143127
1949227925587209486,48231818,5039.6572265625,1.0,0.9206730723381042,0.9193710088729858
-3180176112142715939,6337892,2686.73095703125,1.0,0.9312900900840759,0.9235777258872986
-6126662361694410913,12508170,1950.552001953125,1.0,0.9348958134651184,0.9355969429016113
4023100529480901651,12945034,2104.68310546875,1.0,0.9437099099159241,0.9379006624221802
3005521767363673015,12508170,1913.199951171875,1.0,0.9338942170143127,0.9306890964508057
-3379398503241084406,48231818,4867.9521484375,0.9998998641967773,0.9133613705635071,0.9066506624221802
6975531856457943004,12071306,1807.77197265625,0.9998998641967773,0.9337940812110901,0.9309895634651184
4036503605996830328,12945034,2069.447998046875,1.0,0.9313902258872986,0.9280849099159241
-5460727394465969885,12508170,1935.7850341796875,0.9997996687889099,0.9214743375778198,0.9207732081413269
-2922505353710044769,47358090,4916.31201171875,0.9987980723381042,0.8935296535491943,0.8830128312110901
4756365176753410987,6632425,2843.5849609375,1.0,0.9330929517745972,0.9270833134651184
-9134289603907390668,6349406,2684.85302734375,1.0,0.9323918223381042,0.9293870329856873
2941039390811246602,13381898,2238.01708984375,1.0,0.9421073794364929,0.9408053159713745
-7562441126364901418,47358090,4813.453125,0.9993990659713745,0.8934294581413269,0.8861178159713745
5078819668259148591,12508170,1954.964111328125,1.0,0.928786039352417,0.9279847741127014
-6401517245390351180,49105546,5247.384765625,1.0,0.930588960647583,0.9264823794364929
-4945457620219219699,5771887,1568.6610107421875,0.9998998641967773,0.9169671535491943,0.9117588400840759
1873839168483255611,48231818,4905.6650390625,0.9988982081413269,0.8885216116905212,0.8802083134651184
-1280991589144339128,47358090,4828.669921875,0.9959936141967773,0.8821113705635071,0.8697916865348816
566255125606277179,49979274,5469.20703125,1.0,0.9406049847602844,0.934495210647583
4597010502237252850,6058850,1737.31103515625,1.0,0.9391025900840759,0.9314903616905212
63939121185587179,12945034,2086.928955078125,0.9994992017745972,0.9029446840286255,0.8914262652397156
-4544089990789642229,12508170,1954.322998046875,0.9998998641967773,0.9161658883094788,0.9068509340286255
3901134272927966444,12945034,2103.08984375,1.0,0.9345953464508057,0.9359976053237915
-564405896165260634,5464164,1421.5889892578125,1.0,0.9116586446762085,0.9083533883094788
4025523062757152645,12071306,1819.3690185546875,0.9985977411270142,0.889723539352417,0.8826121687889099
5455606401478208345,12945034,2100.174072265625,1.0,0.9293870329856873,0.9249799847602844
-104337113913137092,49105546,5284.9423828125,1.0,0.9205729365348816,0.9211738705635071
-669733374910210735,12508170,1960.277099609375,0.9998998641967773,0.9281851053237915,0.9275841116905212
4796360005000349446,12945034,2103.14404296875,1.0,0.9380007982254028,0.9353966116905212
5723495767578881821,12071306,1791.656005859375,0.9978966116905212,0.8970352411270142,0.8834134340286255
-8376094410227852432,12508170,1960.200927734375,1.0,0.9397035241127014,0.9329928159713745
-6630445185829073153,48231818,4959.68603515625,1.0,0.9138621687889099,0.911057710647583
-1167949943504989637,13381898,3072.04296875,1.0,0.9353966116905212,0.9297876358032227
-6987878125009134357,12508170,1956.1529541015625,1.0,0.9269831776618958,0.9198718070983887
8233016274774191384,48231818,5121.6513671875,1.0,0.9242788553237915,0.9208734035491943
-3558188243044851086,47358090,4822.14599609375,0.9933894276618958,0.875,0.8628805875778198
-7914741316810256888,49105546,5178.6767578125,1.0,0.9420071840286255,0.9359976053237915
5356297139513608330,12945034,2884.87890625,1.0,0.9379006624221802,0.9324919581413269
760003680730412815,48231818,5123.3359375,1.0,0.9240785241127014,0.9221754670143127
-4497116219567863992,12945034,2109.5361328125,1.0,0.9291867017745972,0.9281851053237915
488439065516409349,12071306,1813.0458984375,0.9997996687889099,0.9136618375778198,0.9097555875778198
-7561597316038028667,49105546,5148.744140625,1.0,0.9428085088729858,0.9362980723381042
7941425124252474726,5480301,1398.77099609375,0.9995993375778198,0.9159655570983887,0.9078525900840759
6968997783199471643,3137034,913.385009765625,0.9959936141967773,0.8979367017745972,0.8905248641967773
5240319008327204250,12508170,1949.43701171875,1.0,0.9412059187889099,0.9351963400840759
4728133846036614767,5742560,1569.679931640625,1.0,0.9316906929016113,0.9308894276618958
-8067127913944984695,12508170,1936.073974609375,1.0,0.9346955418586731,0.9363982081413269
-555722123743410549,49105546,5257.4033203125,1.0,0.9420071840286255,0.9343950152397156
-9110712020416440920,5755750,1583.4420166015625,1.0,0.9352964758872986,0.9324919581413269
1378279454544821354,5758697,1578.6510009765625,1.0,0.9278846383094788,0.9231770634651184
8363994657779577109,12508170,1956.7130126953125,1.0,0.9314903616905212,0.9221754670143127
-1130618014988208514,12508170,1953.77294921875,0.9998998641967773,0.9091546535491943,0.9029446840286255
-5910158734410757227,47358090,4719.84375,1.0,0.9096554517745972,0.9063501358032227
5583565081250767367,5744236,1565.2509765625,1.0,0.930588960647583,0.9290865659713745
-5273237454759343558,12508170,1957.89794921875,1.0,0.9396033883094788,0.9373998641967773
-6031177042136849893,6342515,2686.69384765625,1.0,0.9324919581413269,0.9276843070983887
-4554873828331233433,5742560,1570.220947265625,1.0,0.9313902258872986,0.9274839758872986
3379526007198527220,49105546,5213.9462890625,1.0,0.9371995329856873,0.9389022588729858
-3719812765182980151,49105546,5167.0009765625,1.0,0.9153645634651184,0.9078525900840759
-5714896449437467065,12945034,2927.4208984375,1.0,0.9268830418586731,0.9221754670143127
34046943932449859,47358090,4907.533203125,0.9996995329856873,0.8955328464508057,0.8912259340286255
-5430312284012619963,48231818,4910.341796875,1.0,0.9318910241127014,0.9278846383094788
7118090891823031426,49105546,5291.0302734375,1.0,0.9294871687889099,0.9233773946762085
7893918864323736122,5744236,1592.93603515625,1.0,0.9415063858032227,0.9303886294364929
5934280555472972049,13381898,3059.467041015625,1.0,0.9375,0.932692289352417
5591109045066459915,12508170,1948.60400390625,1.0,0.9263821840286255,0.9238781929016113
-5440517373866746260,48231818,4877.4140625,0.9998998641967773,0.9084535241127014,0.9030448794364929
-2092615635448786135,49105546,5132.947265625,1.0,0.9420071840286255,0.9336938858032227
-5371962270961699357,6632425,2853.847900390625,1.0,0.9408053159713745,0.9369992017745972
-47050974581339877,12071306,1810.5689697265625,0.9994992017745972,0.9059495329856873,0.8994390964508057
-1120373867807605532,12508170,1941.876953125,0.9998998641967773,0.9054487347602844,0.9037460088729858
3656464110121125493,48231818,5067.38916015625,1.0,0.9269831776618958,0.9191706776618958
-4229635714085160508,12945034,2087.19287109375,1.0,0.9357972741127014,0.9327924847602844
-4692946558981058769,5755750,1579.68798828125,1.0,0.930588960647583,0.9254807829856873
7249642203829543848,12508170,1970.3699951171875,0.9998998641967773,0.9220753312110901,0.9203726053237915
3142016261463296171,12508170,1954.333984375,1.0,0.909254789352417,0.9021434187889099
-626309043587746630,5480301,1417.633056640625,0.9997996687889099,0.8986378312110901,0.8958333134651184
5755715154236515100,5755750,1578.278076171875,0.9998998641967773,0.9292868375778198,0.9283854365348816
-8119494768719569793,12945034,2101.35595703125,1.0,0.9314903616905212,0.9314903616905212
7024987508008862296,5744236,1576.7890625,1.0,0.9381009340286255,0.9357972741127014
-8213595825740703191,5480301,1428.552001953125,0.9998998641967773,0.9117588400840759,0.9114583134651184
6989091438748222121,48231818,4866.541015625,0.9984976053237915,0.8934294581413269,0.8866186141967773
6981670346124686346,48231818,5067.90185546875,1.0,0.9385015964508057,0.9342948794364929
7474084383139023176,48231818,5130.57421875,0.9997996687889099,0.9051482081413269,0.8972355723381042
-3069344034640134555,48231818,4993.80322265625,0.9994992017745972,0.8970352411270142,0.8938301205635071
3676094968964560797,12508170,1936.3280029296875,1.0,0.9203726053237915,0.9208734035491943
6668689190471379246,49979274,5333.7822265625,1.0,0.942307710647583,0.9318910241127014
-8202147294187112390,12071306,1819.3800048828125,1.0,0.9112580418586731,0.9027444124221802
7176954001059309413,12945034,2100.85595703125,1.0,0.92578125,0.9244791865348816
-1737935362779043535,49105546,5343.68310546875,1.0,0.9123597741127014,0.9051482081413269
-5285333102199192626,12508170,1963.041015625,0.9998998641967773,0.9289863705635071,0.9240785241127014
6075965875326114495,5452650,1415.820068359375,1.0,0.9247796535491943,0.9186698794364929
1930466100401028384,12508170,1918.5460205078125,0.9998998641967773,0.930588960647583,0.9299879670143127
9180120785162655963,12508170,1970.053955078125,1.0,0.9260817170143127,0.9217748641967773
7181914677284520880,48231818,5135.7607421875,1.0,0.9024438858032227,0.89453125
-3917805021697309471,5480301,1425.77197265625,0.9998998641967773,0.9085536599159241,0.9094551205635071
4538232721567420297,12945034,2879.73388671875,1.0,0.938401460647583,0.9324919581413269
5973566909627706635,5771887,1580.31494140625,1.0,0.9168669581413269,0.9183694124221802
-4104826205734605344,5777156,1568.3079833984375,0.9998998641967773,0.9198718070983887,0.913161039352417
-7603607077826721083,47358090,4713.27294921875,0.9996995329856873,0.9047476053237915,0.8953325152397156
2767738787445132304,13381898,2233.61279296875,1.0,0.938401460647583,0.9309895634651184
4444637839419579713,49105546,5333.72705078125,1.0,0.9238781929016113,0.9242788553237915
-4339037988718824781,6640992,2867.10888671875,1.0,0.9407051205635071,0.9284855723381042
2619058935335514453,12508170,1974.5050048828125,1.0,0.9328926205635071,0.9299879670143127
1662560175491748572,48231818,5104.01806640625,1.0,0.9059495329856873,0.8962339758872986
2538594731585628349,12508170,1966.094970703125,1.0,0.9285857081413269,0.9259815812110901
7901192468996878620,12508170,1955.368896484375,1.0,0.9211738705635071,0.9166666865348816
6913697582028867638,5475678,1401.6920166015625,1.0,0.9142628312110901,0.9121594429016113
9178384008415793091,12945034,2884.4619140625,1.0,0.9346955418586731,0.9333934187889099
6346011278611476577,49105546,5311.7021484375,0.9997996687889099,0.9011418223381042,0.8931289911270142
5729846529486007238,6358652,2685.02685546875,1.0,0.9294871687889099,0.9252804517745972
8572487613907668173,12071306,1825.3380126953125,1.0,0.9115585088729858,0.9093549847602844
-7175385955791180880,12071306,1833.7509765625,1.0,0.9100561141967773,0.9043469429016113
-5326212325318843292,12508170,1920.4320068359375,1.0,0.9205729365348816,0.9196714758872986
5470601415189457409,5468787,1418.158935546875,0.9991987347602844,0.9067507982254028,0.9038461446762085
-3209492905510178799,48231818,5055.52099609375,0.9998998641967773,0.9249799847602844,0.9213742017745972
503682780420896396,49979274,5510.2841796875,1.0,0.9324919581413269,0.928786039352417
-8853795530969217562,48231818,4990.7333984375,1.0,0.9038461446762085,0.8980368375778198
8362048791395637102,12508170,1968.9930419921875,1.0,0.9315905570983887,0.9271835088729858
-133650343520989791,49105546,5208.9150390625,1.0,0.9240785241127014,0.9190705418586731
7204481426769962526,3573898,1172.4029541015625,1.0,0.9381009340286255,0.9353966116905212
7595811564565100513,12071306,1795.48193359375,0.9997996687889099,0.9147636294364929,0.907151460647583
-8530762123963121558,12071306,1796.387939453125,1.0,0.9162660241127014,0.9090544581413269
1163754057789445125,49979274,5383.451171875,1.0,0.9109575152397156,0.9058493375778198
5514482287341809089,48231818,5073.0400390625,1.0,0.9239783883094788,0.9171674847602844
7773970921265832843,12071306,1825.470947265625,0.9970953464508057,0.8883213400840759,0.8834134340286255
-6679270723450175300,5777156,1566.594970703125,1.0,0.9205729365348816,0.9166666865348816
6573036019895905247,5464164,1404.860107421875,0.9995993375778198,0.9082531929016113,0.8984375
-8298676862780089920,47358090,4749.84716796875,0.9991987347602844,0.8972355723381042,0.885817289352417
-1612615637600564532,12508170,1952.9000244140625,1.0,0.9108573794364929,0.9044471383094788
7127066742599161345,12945034,2837.258056640625,1.0,0.9334936141967773,0.9240785241127014
1907985180300516720,12508170,1935.764892578125,1.0,0.9213742017745972,0.9153645634651184
2753615099908086447,48231818,4954.0693359375,1.0,0.9106570482254028,0.90625
-980340294632149630,49105546,5192.56591796875,1.0,0.9160656929016113,0.9124599099159241
-4328445809807499705,12508170,1984.3779296875,1.0,0.9221754670143127,0.9165664911270142
750419282259374321,48231818,5083.60009765625,0.9998998641967773,0.9011418223381042,0.8944311141967773
1075118427228802856,12071306,1811.85595703125,0.9998998641967773,0.9176682829856873,0.9103565812110901
-4552432168462953345,48231818,4958.220703125,1.0,0.9368990659713745,0.9329928159713745
4638171474111815831,5468787,1417.0048828125,0.9995993375778198,0.9055488705635071,0.8977363705635071
7659064804101051490,48231818,4958.1240234375,1.0,0.9201722741127014,0.9193710088729858
-8696875727500759064,5767264,1541.916015625,1.0,0.9269831776618958,0.9241786599159241
-182252319598516912,5754074,1561.260986328125,1.0,0.9293870329856873,0.9236778616905212
3703886345361967095,12508170,1944.114013671875,1.0,0.9260817170143127,0.9258813858032227
3721639809060824575,3137034,924.3299560546875,0.9998998641967773,0.9136618375778198,0.9082531929016113
7533107354562248696,48231818,4888.5,1.0,0.9331930875778198,0.9267828464508057
-5576567767462053526,12508170,1948.989013671875,0.9998998641967773,0.9247796535491943,0.9157652258872986
3183548796980548184,12071306,1828.406005859375,0.9967948794364929,0.8777043223381042,0.8767027258872986
-5302558624597311497,12508170,1953.592041015625,0.9998998641967773,0.9198718070983887,0.9169671535491943
1202144891599435886,12945034,2088.119140625,1.0,0.9223757982254028,0.9206730723381042
1195602956120567154,12508170,1936.7529296875,1.0,0.9251803159713745,0.9173678159713745
-1376259235000196659,49105546,5280.0849609375,1.0,0.9446113705635071,0.9355969429016113
-4105479878991337748,12071306,1812.3310546875,0.9985977411270142,0.9030448794364929,0.8874198794364929
4046984661909410429,49979274,5535.5390625,1.0,0.9347956776618958,0.9348958134651184
-5357718227775000768,48231818,4914.580078125,1.0,0.9400039911270142,0.9295873641967773
-5221288755402150812,5480301,1426.6080322265625,0.9997996687889099,0.917067289352417,0.9047476053237915
-4274109638345538780,5767264,1572.97802734375,0.9998998641967773,0.9241786599159241,0.9216746687889099
4059044298568300186,12071306,1793.0360107421875,0.9996995329856873,0.9043469429016113,0.8927283883094788
-4597981422658509014,12508170,1955.801025390625,0.9970953464508057,0.8903245329856873,0.8857171535491943
-8739625135842867583,49105546,5178.85205078125,1.0,0.92578125,0.9272836446762085
876661445520514831,12071306,1801.991943359375,0.9973958134651184,0.8892227411270142,0.8815104365348816
5297450492539996704,12071306,1819.2469482421875,1.0,0.9186698794364929,0.9135617017745972
-7006856035822538070,5464164,1412.6639404296875,1.0,0.9202724099159241,0.9152644276618958
-1251148077213271316,12945034,2881.60693359375,1.0,0.9383012652397156,0.9315905570983887
-3996185329560894284,47358090,4764.51171875,0.9997996687889099,0.8895232081413269,0.8751001358032227
-5000129475039125349,12071306,1816.6400146484375,0.9980969429016113,0.8887219429016113,0.8844150900840759
-4845545815151197034,13381898,2240.85400390625,1.0,0.9422075152397156,0.9385015964508057
-247801795507171775,12945034,2120.51513671875,1.0,0.9399038553237915,0.9370993375778198
-90750295264985472,13381898,3071.18310546875,1.0,0.9433093070983887,0.9321914911270142
2753064974378469544,12945034,2095.47119140625,1.0,0.9342948794364929,0.9306890964508057
391268488839248964,5742560,1572.68701171875,1.0,0.9355969429016113,0.9324919581413269
4924011128621141954,49105546,5181.13916015625,1.0,0.9422075152397156,0.9361979365348816
1871971211445705935,6058850,1730.861083984375,1.0,0.9353966116905212,0.9337940812110901
8856348987538491574,12508170,1945.708984375,1.0,0.9220753312110901,0.9215745329856873
7377341901468122343,12071306,1804.718017578125,1.0,0.9065504670143127,0.9022436141967773
-9144190155931028388,47358090,4791.05810546875,0.9997996687889099,0.9069511294364929,0.9026442170143127
902566281651981185,12071306,1797.049072265625,0.9979968070983887,0.8926281929016113,0.8820112347602844
7041862311146548344,47358090,4860.8310546875,0.999098539352417,0.8921273946762085,0.8852163553237915
-7958486734589171540,5772533,1581.23388671875,0.9996995329856873,0.9041466116905212,0.8996394276618958
-9183791203650932009,12508170,1955.593994140625,0.9998998641967773,0.9189703464508057,0.9165664911270142
6303865202545667520,5468787,1405.68701171875,1.0,0.9134615659713745,0.9088541865348816
-6860406914852671741,48231818,4868.1103515625,0.9984976053237915,0.8923277258872986,0.8863180875778198
-5026357830026586689,48231818,5114.0712890625,1.0,0.9136618375778198,0.907151460647583
-4967507519164984902,49105546,5121.9443359375,1.0,0.9158653616905212,0.9075520634651184
-5569278534623625817,12945034,2093.47216796875,1.0,0.9401041865348816,0.9375
-5432273282764799046,12945034,2099.4921875,1.0,0.9234775900840759,0.9203726053237915
-765014662979908798,5475678,1428.3380126953125,1.0,0.9199719429016113,0.918870210647583
-1449994336473938679,5480301,1418.612060546875,0.9986979365348816,0.8991386294364929,0.8908253312110901
1359652198750619518,12071306,1815.0859375,1.0,0.9140625,0.9153645634651184
-8869279848885232974,12508170,1948.0269775390625,1.0,0.9387019276618958,0.9353966116905212
6539923824641776018,12945034,2079.119140625,1.0,0.9379006624221802,0.9343950152397156
-7564131624113102168,12508170,1987.346923828125,0.9998998641967773,0.9225761294364929,0.9185696840286255
8061698439978822064,5742560,1563.946044921875,1.0,0.9323918223381042,0.9265825152397156
4335060043322135055,12071306,1784.5909423828125,0.9985977411270142,0.89453125,0.8825120329856873
-7338097730679911880,48231818,5099.83984375,1.0,0.9093549847602844,0.903245210647583
332014732873367633,5468787,1423.970947265625,1.0,0.9178686141967773,0.9091546535491943
601347735513166355,48231818,5019.65576171875,0.9995993375778198,0.9039463400840759,0.8979367017745972
421236373622859164,12508170,1950.052978515625,1.0,0.9295873641967773,0.9295873641967773
5728360377078834949,48231818,5072.2939453125,1.0,0.9233773946762085,0.9194711446762085
3029547895935601496,12945034,2086.52099609375,1.0,0.9377003312110901,0.9338942170143127
-2101105864006064000,48231818,4959.28125,0.9996995329856873,0.9069511294364929,0.8973357081413269
7812886141920440575,12071306,1816.506103515625,1.0,0.9322916865348816,0.9299879670143127
1004482499927737176,12071306,1777.47998046875,1.0,0.9233773946762085,0.9163661599159241
-6861318798247364898,12945034,2103.06689453125,1.0,0.9375,0.9362980723381042
1182836667324901761,49105546,5184.1796875,0.9998998641967773,0.9342948794364929,0.9299879670143127
-6716966929757692149,3137034,922.08203125,0.9996995329856873,0.9215745329856873,0.9178686141967773
-739174374592691568,12508170,1962.4189453125,1.0,0.92578125,0.9232772588729858
-932156515942001467,12508170,1958.5159912109375,1.0,0.9339944124221802,0.9256811141967773
7322791387928890532,12508170,1973.424072265625,1.0,0.9200721383094788,0.9183694124221802
4288712862001532291,12071306,1797.4580078125,0.9997996687889099,0.903245210647583,0.8979367017745972
-626974093335254936,5464164,1429.280029296875,1.0,0.9245793223381042,0.9167668223381042
4175278834366521537,12508170,1962.3389892578125,0.9998998641967773,0.9204727411270142,0.9186698794364929
2338726338667734761,5475678,1410.6510009765625,0.9996995329856873,0.9087539911270142,0.9022436141967773
8484994429684607790,12508170,1945.76708984375,0.9993990659713745,0.8969351053237915,0.8888221383094788
9061665559535217139,5774834,1569.678955078125,0.9996995329856873,0.9074519276618958,0.9046474099159241
6582189297211579318,13381898,3070.824951171875,1.0,0.9359976053237915,0.9348958134651184
306986260732355943,12508170,1970.404052734375,1.0,0.9265825152397156,0.9255809187889099
-757144106542646971,3355466,1056.6510009765625,1.0,0.9290865659713745,0.9261819124221802
6678195841405157306,48231818,5091.93310546875,1.0,0.9273838400840759,0.9278846383094788
3513988558373991400,12508170,1973.862060546875,0.9997996687889099,0.9163661599159241,0.9125601053237915
8336969862742507371,49979274,5382.77099609375,1.0,0.9371995329856873,0.9360977411270142
-4866407285062413834,12071306,1815.75,0.9997996687889099,0.907151460647583,0.8974359035491943
6628897060209188086,12508170,1963.8089599609375,1.0,0.9351963400840759,0.9323918223381042
140034183313253506,12945034,2886.0830078125,0.9997996687889099,0.9364984035491943,0.9286859035491943
1331212719098950205,47358090,4821.71484375,0.9929887652397156,0.87109375,0.8619791865348816
-4232474683194678393,12945034,2088.18212890625,1.0,0.9401041865348816,0.9386017918586731
-5068046933902301875,49979274,5342.9560546875,1.0,0.9432091116905212,0.9413061141967773
-8783930953601848714,49105546,5151.12109375,0.9996995329856873,0.9030448794364929,0.8952323794364929
6669966091051927008,5475678,1415.455078125,0.9989984035491943,0.9018429517745972,0.8958333134651184
-2967212941321474832,5468787,1439.383056640625,0.9998998641967773,0.918870210647583,0.9166666865348816
362450053087903223,12508170,1969.7969970703125,1.0,0.9316906929016113,0.9291867017745972
7005938346843395333,12071306,1854.72607421875,1.0,0.9115585088729858,0.9055488705635071
-512634368158870560,3137034,924.31298828125,0.9997996687889099,0.9172676205635071,0.9120593070983887
-841087550002269254,5475678,1402.3189697265625,0.9995993375778198,0.9078525900840759,0.9019430875778198
-2740681725555299446,12508170,1981.64794921875,1.0,0.9290865659713745,0.9265825152397156
-1183964018475515760,5755750,1575.532958984375,1.0,0.9348958134651184,0.9349960088729858
5861533562249204934,12945034,2104.0009765625,1.0,0.9325921535491943,0.9310897588729858
-8229794304895779314,13381898,3076.26513671875,1.0,0.9356971383094788,0.9289863705635071
4495407927589919148,12508170,1942.91796875,1.0,0.9340945482254028,0.9349960088729858
-3078608983943007978,12508170,1941.24609375,1.0,0.9196714758872986,0.9176682829856873
-2127351580726045990,49105546,5186.3310546875,1.0,0.9404046535491943,0.9346955418586731
-2503106742173488176,49105546,5125.447265625,0.9984976053237915,0.8873196840286255,0.8801081776618958
5757196001519146270,49979274,5330.28125,1.0,0.9437099099159241,0.9376001358032227
7049533089112223664,12508170,1962.591064453125,0.9995993375778198,0.9001402258872986,0.8959335088729858
9036133475826916887,12508170,1966.251953125,1.0,0.9210737347602844,0.9178686141967773
-7035607794051994863,5777156,1586.7080078125,1.0,0.9276843070983887,0.9252804517745972
4475072234092090237,12508170,1945.804931640625,1.0,0.9362980723381042,0.934495210647583
-1447786167975293885,48231818,5128.2958984375,0.9993990659713745,0.8933293223381042,0.8810096383094788
-3168112211408763350,12071306,1817.5439453125,0.9996995329856873,0.9090544581413269,0.9041466116905212
6250692055983801514,49105546,5126.10888671875,1.0,0.9356971383094788,0.9334936141967773
-6595369171656989157,12071306,1829.41796875,1.0,0.9172676205635071,0.9083533883094788
1716671194092631541,5484924,1437.508056640625,0.999098539352417,0.9013421535491943,0.8920272588729858
-5701020674309809969,48231818,5138.166015625,0.9998998641967773,0.8982371687889099,0.8908253312110901
-1067493355808249521,12508170,1925.18798828125,0.9998998641967773,0.9158653616905212,0.90625
-3101041945872633273,12508170,1942.4189453125,1.0,0.9411057829856873,0.9300881624221802
6981218078814858254,48231818,4999.60400390625,1.0,0.9083533883094788,0.899338960647583
5387717924667785256,12508170,1957.0150146484375,1.0,0.9224759340286255,0.918870210647583
7216388015947481252,48231818,4934.6337890625,1.0,0.9418069124221802,0.9318910241127014
1377979543316879969,49979274,5354.458984375,1.0,0.9408053159713745,0.9404046535491943
-930565580305748161,48231818,5078.0302734375,1.0,0.9342948794364929,0.930588960647583
1543370115234808333,12508170,1950.8690185546875,1.0,0.9190705418586731,0.9091546535491943
2394794205705482151,12508170,1947.083984375,1.0,0.9124599099159241,0.9077523946762085
-3878139287474792517,12071306,1829.469970703125,0.9987980723381042,0.8964343070983887,0.8836137652397156
983153469888206448,5468787,1416.35595703125,0.9998998641967773,0.9065504670143127,0.8999398946762085
3323473665564056940,12508170,1939.2529296875,0.9995993375778198,0.9027444124221802,0.89453125
150785013852688890,12508170,1947.294921875,1.0,0.9231770634651184,0.9215745329856873
-8430033896638572134,12945034,2883.47998046875,1.0,0.9338942170143127,0.9274839758872986
-5266347470293687857,5771887,1583.2440185546875,1.0,0.9261819124221802,0.9258813858032227
8012627807969456971,3137034,923.8289794921875,0.9984976053237915,0.8925280570983887,0.8870192170143127
-2586202521629283162,48231818,5095.041015625,1.0,0.91015625,0.9052484035491943
787877729967419543,12945034,2101.509033203125,1.0,0.9418069124221802,0.9349960088729858
-2288147263124600717,48231818,5080.1611328125,0.9998998641967773,0.9162660241127014,0.9129607081413269
340274086543282125,13381898,3130.955078125,1.0,0.9354968070983887,0.9345953464508057
-8649297477289197423,5754074,1575.85302734375,0.9998998641967773,0.9279847741127014,0.9291867017745972
-5910504423576999477,13381898,3128.572998046875,1.0,0.9325921535491943,0.9283854365348816
8289417480629936006,12508170,1943.18701171875,1.0,0.9250801205635071,0.9263821840286255
-5204188360261966939,49105546,5308.46484375,1.0,0.9320913553237915,0.9274839758872986
-5319796179395762555,12945034,2100.95703125,1.0,0.9402043223381042,0.9397035241127014
-3969179575660997409,12945034,2845.39013671875,1.0,0.9377003312110901,0.9274839758872986
1903542694639821816,12945034,2105.465087890625,0.9997996687889099,0.8977363705635071,0.8920272588729858
5655997584864605766,5452650,1413.112060546875,0.9996995329856873,0.9137620329856873,0.9067507982254028
-2717400836233401580,5452650,1413.6290283203125,0.9998998641967773,0.9283854365348816,0.9240785241127014
-3842988637431817781,48231818,5123.77392578125,0.9995993375778198,0.895432710647583,0.8880208134651184
1486693610020803215,5776510,1556.277099609375,0.9998998641967773,0.9224759340286255,0.9185696840286255
-8911839827164036244,12508170,1972.679931640625,0.9997996687889099,0.9203726053237915,0.9144631624221802
-6942651088807062537,12945034,2929.26416015625,1.0,0.9366987347602844,0.9341946840286255
-2540583761284327750,48231818,5078.5869140625,1.0,0.9212740659713745,0.9151642918586731
7761501925571942343,12071306,1812.4150390625,0.9994992017745972,0.907151460647583,0.9040464758872986
-1684832036813221066,12508170,1948.8179931640625,0.9998998641967773,0.9233773946762085,0.9157652258872986
4990537350916419766,5484924,1427.501953125,0.9994992017745972,0.9085536599159241,0.905348539352417
-3989505712699355998,49105546,5263.01171875,1.0,0.9410055875778198,0.938401460647583
3552143413422372685,12945034,2882.85205078125,1.0,0.9299879670143127,0.9250801205635071
5256528786159483894,12071306,1760.843017578125,0.9978966116905212,0.8927283883094788,0.8829126358032227
2553611929598650579,12071306,1794.4010009765625,1.0,0.9232772588729858,0.9206730723381042
-3794280994087086071,12071306,1777.89501953125,0.9996995329856873,0.9036458134651184,0.8995392918586731
-7913228578627769351,12071306,1794.116943359375,0.9981971383094788,0.8889222741127014,0.8848156929016113
8679909095291075302,12508170,1925.97802734375,1.0,0.938401460647583,0.9341946840286255
-7177140604943729680,5484924,1418.531982421875,0.9974960088729858,0.8875200152397156,0.8868188858032227
3313888204580530610,13381898,3061.85205078125,1.0,0.9346955418586731,0.9296875
-8246554174656704751,48231818,4904.703125,0.9986979365348816,0.8828125,0.8741987347602844
967063680902216765,47358090,4857.1611328125,1.0,0.9064503312110901,0.9015424847602844
9160751091047360147,12945034,2890.7919921875,1.0,0.9396033883094788,0.9332932829856873
-5554270755078228104,12071306,1834.924072265625,1.0,0.9135617017745972,0.9067507982254028
-5164496438335794059,5480301,1432.208984375,0.9992988705635071,0.9039463400840759,0.8958333134651184
8885963676098496181,12508170,1928.2449951171875,1.0,0.9280849099159241,0.9191706776618958
1414345861610940231,48231818,5039.5986328125,0.9995993375778198,0.8946313858032227,0.8884214758872986
-1780144548065833335,12071306,1812.756103515625,0.999098539352417,0.9010416865348816,0.893629789352417
-443487472899608888,12508170,1941.8909912109375,0.9998998641967773,0.9294871687889099,0.9294871687889099
-2439223686030940115,49105546,5250.7021484375,0.9995993375778198,0.8938301205635071,0.8832131624221802
-3439440369576789296,13381898,3063.05322265625,1.0,0.9377003312110901,0.9333934187889099
-785279396755536376,12508170,1922.841064453125,1.0,0.9315905570983887,0.9280849099159241
-2150271215930356171,12071306,1787.972900390625,0.9998998641967773,0.9279847741127014,0.9231770634651184
-1365445553863592488,12508170,1947.8310546875,1.0,0.9260817170143127,0.9224759340286255
5007410111905458541,49105546,5284.52197265625,1.0,0.9431089758872986,0.9338942170143127
7958450037499033001,5767264,1550.375,1.0,0.9311898946762085,0.9285857081413269
3062771241378787449,12945034,2880.43408203125,1.0,0.9350961446762085,0.9284855723381042
-6895991407854699388,47358090,4882.501953125,0.9998998641967773,0.887620210647583,0.8814102411270142
8649969119223448630,5755750,1576.0799560546875,1.0,0.9301882982254028,0.9306890964508057
-9174595690641451862,49105546,5339.4697265625,1.0,0.9068509340286255,0.9066506624221802
6998267165801156653,12508170,1972.612060546875,1.0,0.922776460647583,0.9114583134651184
-6754009888981831649,49105546,5126.029296875,1.0,0.9276843070983887,0.9259815812110901
-5334776295838518521,6034146,1738.8280029296875,1.0,0.940504789352417,0.9361979365348816
-1610442628937481420,5468787,1413.7540283203125,0.9995993375778198,0.911057710647583,0.9044471383094788
-2826685419605421391,12508170,1928.3189697265625,1.0,0.9146634340286255,0.9051482081413269
6614855397109295910,12945034,2108.5068359375,1.0,0.9359976053237915,0.9328926205635071
3202759289557914665,49979274,5383.5234375,1.0,0.9198718070983887,0.9153645634651184
-1737185617529192651,5754074,1559.69091796875,1.0,0.9317908883094788,0.9229767918586731
-8313467632121978812,12945034,2094.095947265625,1.0,0.9308894276618958,0.9299879670143127
4740520455785024151,6048607,1715.846923828125,1.0,0.9340945482254028,0.9331930875778198
1140579521619175868,12071306,1814.8499755859375,0.9998998641967773,0.9056490659713745,0.9005408883094788
1738446608228517703,49979274,5513.4970703125,1.0,0.9382011294364929,0.9391025900840759
673979846613178391,49979274,5341.02392578125,1.0,0.938401460647583,0.9355969429016113
-7993625638436342533,48231818,4964.68505859375,0.9998998641967773,0.9217748641967773,0.9167668223381042
-8397026052298140581,47358090,4793.166015625,0.9996995329856873,0.9003405570983887,0.8884214758872986
8754292604410481682,12945034,2106.748046875,0.9998998641967773,0.9221754670143127,0.9225761294364929
-4105900026492753431,5744236,1587.820068359375,1.0,0.9380007982254028,0.9343950152397156
-7145095735132190804,49105546,5290.84375,1.0,0.9260817170143127,0.9232772588729858
1982943090712435164,49105546,5183.2822265625,1.0,0.9324919581413269,0.926682710647583
8861789179376520250,48231818,5076.9482421875,1.0,0.9375,0.9303886294364929
